tax	barcode01	barcode02	barcode03	barcode04	barcode06	barcode07	barcode08	total
Bacteria;Pseudomonadati;Pseudomonadota;Gammaproteobacteria;Enterobacterales;Yersiniaceae;Rahnella	0.0	0.0	0.0	0.0	0.0	0.0	5129.0	5129.0
Unclassified;Unknown;Unknown;Unknown;Unknown;Unknown;Unknown	760.0	714.0	1099.0	557.0	831.0	730.0	30.0	4721.0
Bacteria;Pseudomonadati;Pseudomonadota;Gammaproteobacteria;Enterobacterales;Yersiniaceae;Ewingella	0.0	0.0	0.0	0.0	0.0	0.0	2046.0	2046.0
Bacteria;Pseudomonadati;Pseudomonadota;Alphaproteobacteria;Hyphomicrobiales;Nitrobacteraceae;Bradyrhizobium	93.0	152.0	219.0	241.0	98.0	81.0	0.0	884.0
Bacteria;Pseudomonadati;Pseudomonadota;Betaproteobacteria;Burkholderiales;Oxalobacteraceae;Massilia	14.0	37.0	41.0	297.0	298.0	48.0	0.0	735.0
Bacteria;Pseudomonadati;Myxococcota;Myxococcota_Incertae_sedis;Haliangiales;Kofleriaceae;Haliangium	146.0	145.0	173.0	11.0	135.0	116.0	0.0	726.0
Bacteria;Pseudomonadati;Acidobacteriota;Vicinamibacteria;Vicinamibacterales;Vicinamibacteraceae;Vicinamibacter	137.0	139.0	160.0	17.0	137.0	26.0	0.0	616.0
Bacteria;Pseudomonadati;Planctomycetota;Planctomycetia;Isosphaerales;Isosphaeraceae;Singulisphaera	40.0	89.0	39.0	176.0	103.0	86.0	0.0	533.0
Bacteria;Pseudomonadati;Pseudomonadota;Alphaproteobacteria;Hyphomicrobiales;Hyphomicrobiaceae;Rhodoplanes	107.0	101.0	134.0	73.0	56.0	35.0	0.0	506.0
Bacteria;Pseudomonadati;Acidobacteriota;Terriglobia;Terriglobales;Acidobacteriaceae;Alloacidobacterium	55.0	79.0	70.0	142.0	22.0	102.0	0.0	470.0
Bacteria;Pseudomonadati;Planctomycetota;Planctomycetia;Gemmatales;Gemmataceae;Fimbriiglobus	42.0	61.0	60.0	140.0	96.0	65.0	0.0	464.0
Bacteria;Pseudomonadati;Pseudomonadota;Betaproteobacteria;Burkholderiales;Comamonadaceae;Ramlibacter	26.0	51.0	49.0	47.0	182.0	99.0	0.0	454.0
Bacteria;Pseudomonadati;Pseudomonadota;Gammaproteobacteria;Enterobacterales;Yersiniaceae;Rouxiella	0.0	0.0	0.0	0.0	1.0	1.0	429.0	431.0
Bacteria;Pseudomonadati;Bacteroidota;Chitinophagia;Chitinophagales;Chitinophagaceae;Terrimonas	131.0	84.0	112.0	1.0	68.0	20.0	0.0	416.0
Bacteria;Pseudomonadati;Acidobacteriota;Terriglobia;Bryobacterales;Bryobacteraceae;Paludibaculum	84.0	61.0	64.0	65.0	71.0	67.0	0.0	412.0
Bacteria;Pseudomonadati;Acidobacteriota;Terriglobia;Bryobacterales;Bryobacteraceae;Bryobacter	73.0	72.0	74.0	83.0	42.0	67.0	0.0	411.0
Bacteria;Pseudomonadati;Pseudomonadota;Betaproteobacteria;Burkholderiales;Burkholderiaceae;Paraburkholderia	27.0	55.0	37.0	149.0	29.0	53.0	31.0	381.0
Bacteria;Pseudomonadati;Pseudomonadota;Betaproteobacteria;Nitrosomonadales;Usitatibacteraceae;Usitatibacter	40.0	80.0	100.0	8.0	40.0	33.0	0.0	301.0
Bacteria;Pseudomonadati;Gemmatimonadota;Gemmatimonadia;Gemmatimonadales;Gemmatimonadaceae;Gemmatimonas	23.0	29.0	101.0	88.0	38.0	20.0	0.0	299.0
Bacteria;Bacillati;Bacillota;Bacilli;Bacillales;Caryophanaceae;Sporosarcina	2.0	2.0	0.0	132.0	93.0	69.0	0.0	298.0
Bacteria;Bacillati;Bacillota;Bacilli;Bacillales;Paenibacillaceae;Paenibacillus	31.0	62.0	40.0	43.0	73.0	48.0	0.0	297.0
Bacteria;Pseudomonadati;Pseudomonadota;Alphaproteobacteria;Hyphomicrobiales;Methylobacteriaceae;Microvirga	12.0	13.0	19.0	35.0	100.0	109.0	0.0	288.0
Bacteria;Pseudomonadati;Bacteroidota;Chitinophagia;Chitinophagales;Chitinophagaceae;Flavisolibacter	12.0	18.0	20.0	25.0	79.0	127.0	0.0	281.0
Bacteria;Pseudomonadati;Pseudomonadota;Betaproteobacteria;Burkholderiales;Sphaerotilaceae;Piscinibacter	43.0	51.0	35.0	6.0	98.0	41.0	0.0	274.0
Bacteria;Pseudomonadati;Pseudomonadota;Alphaproteobacteria;Acetobacterales;Acetobacteraceae;Rhodopila	5.0	8.0	7.0	232.0	6.0	14.0	0.0	272.0
Bacteria;Pseudomonadati;Pseudomonadota;Gammaproteobacteria;Pseudomonadales;Pseudomonadaceae;Pseudomonas	3.0	4.0	2.0	1.0	6.0	1.0	253.0	270.0
Bacteria;Pseudomonadati;Pseudomonadota;Betaproteobacteria;Burkholderiales;Burkholderiaceae;Caballeronia	10.0	52.0	40.0	54.0	47.0	50.0	0.0	253.0
Bacteria;Pseudomonadati;Planctomycetota;Planctomycetia;Isosphaerales;Isosphaeraceae;Tundrisphaera	5.0	34.0	14.0	79.0	65.0	47.0	0.0	244.0
Bacteria;Pseudomonadati;Bacteroidota;Chitinophagia;Chitinophagales;Chitinophagaceae;Ferruginibacter	35.0	71.0	98.0	0.0	31.0	7.0	0.0	242.0
Bacteria;Pseudomonadati;Pseudomonadota;Betaproteobacteria;Burkholderiales;Comamonadaceae;Variovorax	33.0	74.0	30.0	5.0	64.0	18.0	0.0	224.0
Bacteria;Pseudomonadati;Pseudomonadota;Alphaproteobacteria;Hyphomicrobiales;Xanthobacteraceae;Pseudolabrys	55.0	32.0	56.0	35.0	15.0	30.0	0.0	223.0
Bacteria;Pseudomonadati;Pseudomonadota;Betaproteobacteria;Burkholderiales;Thiobacteraceae;Thiobacter	41.0	38.0	70.0	3.0	50.0	20.0	0.0	222.0
Bacteria;Pseudomonadati;Bacteroidota;Chitinophagia;Chitinophagales;Chitinophagaceae;Flavitalea	46.0	50.0	42.0	0.0	63.0	18.0	0.0	219.0
Bacteria;Pseudomonadati;Pseudomonadota;Betaproteobacteria;Burkholderiales;Oxalobacteraceae;Noviherbaspirillum	0.0	4.0	15.0	38.0	101.0	57.0	0.0	215.0
Bacteria;Pseudomonadati;Bacteroidota;Sphingobacteriia;Sphingobacteriales;Sphingobacteriaceae;Mucilaginibacter	8.0	51.0	25.0	50.0	54.0	26.0	0.0	214.0
Bacteria;Pseudomonadati;Pseudomonadota;Alphaproteobacteria;Rhodospirillales;Dongiaceae;Aliidongia	28.0	24.0	33.0	88.0	16.0	23.0	0.0	212.0
Bacteria;Pseudomonadati;Planctomycetota;Planctomycetia;Isosphaerales;Isosphaeraceae;Aquisphaera	11.0	36.0	22.0	81.0	24.0	25.0	0.0	199.0
Bacteria;Pseudomonadati;Planctomycetota;Planctomycetia;Gemmatales;Gemmataceae;Urbifossiella	22.0	28.0	20.0	23.0	58.0	48.0	0.0	199.0
Bacteria;Pseudomonadati;Pseudomonadota;Alphaproteobacteria;Hyphomicrobiales;Devosiaceae;Devosia	26.0	35.0	31.0	6.0	43.0	55.0	0.0	196.0
Bacteria;Pseudomonadati;Pseudomonadota;Alphaproteobacteria;Hyphomicrobiales;Hyphomicrobiales_Incertae_sedis;Pseudorhodoplanes	49.0	38.0	52.0	14.0	28.0	8.0	0.0	189.0
Bacteria;Bacillati;Bacillota;Bacilli;Bacillales;Bacillaceae;Bacillus	4.0	16.0	10.0	40.0	12.0	26.0	75.0	183.0
Bacteria;Pseudomonadati;Pseudomonadota;Gammaproteobacteria;Gammaproteobacteria_Incertae_sedis;Gammaproteobacteria_Incertae_sedis;Acidibacter	40.0	44.0	56.0	17.0	19.0	6.0	0.0	182.0
Bacteria;Bacillati;Actinomycetota;Thermoleophilia;Gaiellales;Gaiellaceae;Gaiella	29.0	35.0	50.0	27.0	24.0	11.0	0.0	176.0
Bacteria;Pseudomonadati;Pseudomonadota;Alphaproteobacteria;Micropepsales;Micropepsaceae;Rhizomicrobium	40.0	41.0	31.0	33.0	10.0	15.0	0.0	170.0
Bacteria;Pseudomonadati;Planctomycetota;Planctomycetia;Isosphaerales;Isosphaeraceae;Paludisphaera	6.0	46.0	12.0	48.0	24.0	24.0	0.0	160.0
Bacteria;Pseudomonadati;Pseudomonadota;Alphaproteobacteria;Hyphomicrobiales;Phyllobacteriaceae;Mesorhizobium	29.0	31.0	50.0	5.0	25.0	16.0	0.0	156.0
Bacteria;Pseudomonadati;Pseudomonadota;Betaproteobacteria;Nitrosomonadales;Sterolibacteriaceae;Methyloversatilis	26.0	46.0	33.0	8.0	32.0	10.0	0.0	155.0
Bacteria;Pseudomonadati;Nitrospirota;Nitrospiria;Nitrospirales;Nitrospiraceae;Nitrospira	45.0	24.0	36.0	9.0	27.0	9.0	0.0	150.0
Bacteria;Pseudomonadati;Pseudomonadota;Alphaproteobacteria;Hyphomicrobiales;Methylobacteriaceae;Methylobacterium	0.0	7.0	20.0	64.0	28.0	28.0	0.0	147.0
Bacteria;Pseudomonadati;Pseudomonadota;Alphaproteobacteria;Hyphomicrobiales;Rhizobiaceae;Rhizobium	12.0	16.0	29.0	6.0	42.0	39.0	0.0	144.0
Bacteria;Pseudomonadati;Myxococcota;Myxococcota_Incertae_sedis;Polyangiales;Labilitrichaceae;Labilithrix	15.0	23.0	31.0	39.0	24.0	11.0	0.0	143.0
Bacteria;Pseudomonadati;Pseudomonadota;Alphaproteobacteria;Hyphomicrobiales;Hyphomicrobiaceae;Hyphomicrobium	32.0	22.0	53.0	11.0	13.0	12.0	0.0	143.0
Bacteria;Pseudomonadati;Pseudomonadota;Gammaproteobacteria;Lysobacterales;Lysobacteraceae;Noviluteimonas	7.0	29.0	43.0	0.0	56.0	3.0	0.0	138.0
Bacteria;Pseudomonadati;Pseudomonadota;Betaproteobacteria;Nitrosomonadales;Nitrosomonadaceae;Nitrosospira	19.0	27.0	32.0	8.0	33.0	18.0	0.0	137.0
Bacteria;Pseudomonadati;Pseudomonadota;Betaproteobacteria;Burkholderiales;Burkholderiaceae;Pararobbsia	23.0	38.0	33.0	1.0	30.0	10.0	0.0	135.0
Bacteria;Bacillati;Bacillota;Bacilli;Bacillales;Bacillaceae;Neobacillus	1.0	0.0	6.0	73.0	30.0	23.0	0.0	133.0
Bacteria;Bacillati;Actinomycetota;Thermoleophilia;Solirubrobacterales;Solirubrobacteraceae;Solirubrobacter	24.0	43.0	23.0	5.0	26.0	11.0	0.0	132.0
Bacteria;Pseudomonadati;Pseudomonadota;Alphaproteobacteria;Sphingomonadales;Sphingomonadaceae;Sphingomonas	6.0	16.0	24.0	8.0	32.0	44.0	0.0	130.0
Bacteria;Pseudomonadati;Pseudomonadota;Alphaproteobacteria;Hyphomicrobiales;Hyphomicrobiaceae;Methylothermalis	17.0	34.0	44.0	3.0	25.0	7.0	0.0	130.0
Bacteria;Pseudomonadati;Bacteroidota;Chitinophagia;Chitinophagales;Chitinophagaceae;Segetibacter	1.0	5.0	8.0	7.0	70.0	35.0	0.0	126.0
Bacteria;Pseudomonadati;Pseudomonadota;Alphaproteobacteria;Hyphomicrobiales;Hyphomicrobiaceae;Pedomicrobium	37.0	11.0	58.0	0.0	12.0	7.0	0.0	125.0
Bacteria;Pseudomonadati;Acidobacteriota;Terriglobia;Terriglobales;Acidobacteriaceae;Occallatibacter	13.0	9.0	12.0	58.0	6.0	25.0	0.0	123.0
Bacteria;Pseudomonadati;Acidobacteriota;Terriglobia;Terriglobales;Acidobacteriaceae;Terriglobus	6.0	28.0	7.0	41.0	3.0	35.0	0.0	120.0
Bacteria;Bacillati;Actinomycetota;Thermoleophilia;Solirubrobacterales;Conexibacteraceae;Conexibacter	16.0	21.0	21.0	38.0	13.0	4.0	0.0	113.0
Bacteria;Pseudomonadati;Bacteroidota;Chitinophagia;Chitinophagales;Chitinophagaceae;Paraflavitalea	15.0	29.0	30.0	4.0	22.0	13.0	0.0	113.0
Bacteria;Pseudomonadati;Pseudomonadota;Alphaproteobacteria;Caulobacterales;Caulobacteraceae;Phenylobacterium	14.0	17.0	16.0	28.0	23.0	14.0	0.0	112.0
Bacteria;Pseudomonadati;Acidobacteriota;Blastocatellia;Blastocatellales;Arenimicrobiaceae;Brevitalea	25.0	19.0	18.0	0.0	45.0	4.0	0.0	111.0
Bacteria;Pseudomonadati;Acidobacteriota;Terriglobia;Terriglobales;Acidobacteriaceae;Edaphobacter	9.0	29.0	5.0	57.0	3.0	7.0	0.0	110.0
Bacteria;Pseudomonadati;Pseudomonadota;Gammaproteobacteria;Lysobacterales;Rhodanobacteraceae;Dokdonella	12.0	50.0	23.0	0.0	6.0	13.0	0.0	104.0
Bacteria;Pseudomonadati;Planctomycetota;Planctomycetia;Gemmatales;Gemmataceae;Gemmata	18.0	28.0	7.0	8.0	24.0	17.0	0.0	102.0
Bacteria;Pseudomonadati;Pseudomonadota;Betaproteobacteria;Burkholderiales;Sphaerotilaceae;Caldimonas	16.0	21.0	29.0	3.0	20.0	9.0	0.0	98.0
Bacteria;Bacillati;Bacillota;Bacilli;Bacillales;Bacillaceae;Priestia	2.0	1.0	4.0	4.0	33.0	53.0	0.0	97.0
Bacteria;Pseudomonadati;Pseudomonadota;Alphaproteobacteria;Rhodospirillales;Azospirillaceae;Skermanella	1.0	1.0	7.0	64.0	12.0	8.0	0.0	93.0
Bacteria;Pseudomonadati;Planctomycetota;Planctomycetia;Gemmatales;Gemmataceae;Zavarzinella	10.0	17.0	11.0	13.0	23.0	19.0	0.0	93.0
Bacteria;Pseudomonadati;Planctomycetota;Phycisphaerae;Tepidisphaerales;Tepidisphaeraceae;Tepidisphaera	10.0	11.0	13.0	26.0	21.0	11.0	0.0	92.0
Bacteria;Pseudomonadati;Verrucomicrobiota;Spartobacteria;Chthoniobacterales;Chthoniobacteraceae;Chthoniobacter	10.0	5.0	67.0	1.0	3.0	6.0	0.0	92.0
Bacteria;Pseudomonadati;Pseudomonadota;Alphaproteobacteria;Caulobacterales;Caulobacteraceae;Caulobacter	8.0	19.0	16.0	27.0	16.0	5.0	0.0	91.0
Bacteria;Pseudomonadati;Pseudomonadota;Alphaproteobacteria;Hyphomicrobiales;Methylocystaceae;Methylocystis	12.0	11.0	10.0	49.0	1.0	8.0	0.0	91.0
Bacteria;Pseudomonadati;Pseudomonadota;Alphaproteobacteria;Hyphomicrobiales;Reyranellaceae;Reyranella	18.0	16.0	26.0	6.0	21.0	3.0	0.0	90.0
Bacteria;Pseudomonadati;Pseudomonadota;Betaproteobacteria;Burkholderiales;Burkholderiales_Incertae_sedis;Rhizobacter	10.0	19.0	19.0	1.0	18.0	18.0	0.0	85.0
Bacteria;Pseudomonadati;Pseudomonadota;Betaproteobacteria;Nitrosomonadales;Sterolibacteriaceae;Georgfuchsia	23.0	21.0	14.0	1.0	13.0	12.0	0.0	84.0
Bacteria;Pseudomonadati;Pseudomonadota;Alphaproteobacteria;Sphingomonadales;Sphingomonadaceae;Novosphingobium	1.0	5.0	19.0	34.0	11.0	13.0	0.0	83.0
Bacteria;Pseudomonadati;Pseudomonadota;Alphaproteobacteria;Hyphomicrobiales;Kaistiaceae;Bauldia	32.0	14.0	15.0	6.0	11.0	4.0	0.0	82.0
Bacteria;Pseudomonadati;Pseudomonadota;Alphaproteobacteria;Rhodospirillales;Stellaceae;Stella	16.0	7.0	29.0	20.0	9.0	1.0	0.0	82.0
Bacteria;Pseudomonadati;Bacteroidota;Chitinophagia;Chitinophagales;Chitinophagaceae;Niastella	12.0	7.0	17.0	0.0	28.0	17.0	0.0	81.0
Bacteria;Pseudomonadati;Pseudomonadota;Alphaproteobacteria;Rhodospirillales;Dongiaceae;Dongia	27.0	14.0	25.0	0.0	14.0	0.0	0.0	80.0
Bacteria;Pseudomonadati;Pseudomonadota;Alphaproteobacteria;Hyphomicrobiales;Roseiarcaceae;Roseiarcus	0.0	3.0	1.0	67.0	0.0	7.0	0.0	78.0
Bacteria;Pseudomonadati;Pseudomonadota;Gammaproteobacteria;Lysobacterales;Lysobacteraceae;Arenimonas	11.0	30.0	31.0	0.0	5.0	0.0	0.0	77.0
Bacteria;Pseudomonadati;Pseudomonadota;Alphaproteobacteria;Acetobacterales;Acetobacteraceae;Acidibrevibacterium	5.0	10.0	15.0	34.0	8.0	4.0	0.0	76.0
Bacteria;Bacillati;Actinomycetota;Acidimicrobiia;Acidimicrobiales;Acidimicrobiaceae;Aciditerrimonas	23.0	22.0	16.0	4.0	7.0	4.0	0.0	76.0
Bacteria;Pseudomonadati;Pseudomonadota;Alphaproteobacteria;Rhodobacterales;Paracoccaceae;Amaricoccus	11.0	14.0	14.0	0.0	28.0	5.0	0.0	72.0
Bacteria;Pseudomonadati;Myxococcota;Myxococcota_Incertae_sedis;Polyangiales;Polyangiaceae;Byssovorax	5.0	8.0	34.0	4.0	6.0	15.0	0.0	72.0
Bacteria;Pseudomonadati;Pseudomonadota;Betaproteobacteria;Nitrosomonadales;Sterolibacteriaceae;Denitratisoma	15.0	12.0	13.0	0.0	25.0	5.0	0.0	70.0
Bacteria;Pseudomonadati;Pseudomonadota;Betaproteobacteria;Burkholderiales;Sphaerotilaceae;Pseudaquabacterium	10.0	14.0	7.0	4.0	17.0	17.0	0.0	69.0
Bacteria;Pseudomonadati;Pseudomonadota;Betaproteobacteria;Burkholderiales;Oxalobacteraceae;Pseudoduganella	2.0	6.0	17.0	3.0	26.0	14.0	0.0	68.0
Bacteria;Pseudomonadati;Bacteroidota;Chitinophagia;Chitinophagales;Chitinophagaceae;Ginsengibacter	14.0	11.0	18.0	0.0	17.0	8.0	0.0	68.0
Bacteria;Bacillati;Cyanobacteriota;Cyanophyceae;Nostocales;Nostocaceae;Nostoc	0.0	0.0	0.0	1.0	16.0	48.0	0.0	65.0
Bacteria;Pseudomonadati;Pseudomonadota;Alphaproteobacteria;Rhodospirillales;Dongiaceae;Hypericibacter	7.0	5.0	13.0	19.0	11.0	9.0	0.0	64.0
Bacteria;Pseudomonadati;Pseudomonadota;Betaproteobacteria;Burkholderiales;Burkholderiales_Incertae_sedis;Aquabacterium	3.0	5.0	40.0	0.0	13.0	3.0	0.0	64.0
Bacteria;Pseudomonadati;Pseudomonadota;Gammaproteobacteria;Enterobacterales;Yersiniaceae;Yersinia	0.0	0.0	0.0	0.0	0.0	0.0	63.0	63.0
Bacteria;Pseudomonadati;Pseudomonadota;Betaproteobacteria;Rhodocyclales;Rhodocyclaceae;Rhodocyclus	10.0	10.0	16.0	2.0	14.0	11.0	0.0	63.0
Bacteria;Bacillati;Armatimonadota;Armatimonadia;Armatimonadales;Armatimonadaceae;Armatimonas	6.0	3.0	14.0	6.0	10.0	23.0	0.0	62.0
Bacteria;Bacillati;Bacillota;Bacilli;Bacillales;Bacillaceae;Lederbergia	0.0	0.0	0.0	58.0	1.0	2.0	0.0	61.0
Bacteria;Pseudomonadati;Pseudomonadota;Betaproteobacteria;Rhodocyclales;Zoogloeaceae;Pseudothauera	14.0	20.0	12.0	2.0	9.0	4.0	0.0	61.0
Bacteria;Pseudomonadati;Pseudomonadota;Betaproteobacteria;Burkholderiales;Sphaerotilaceae;Methylibium	13.0	9.0	13.0	0.0	12.0	13.0	0.0	60.0
Bacteria;Pseudomonadati;Pseudomonadota;Gammaproteobacteria;Legionellales;Legionellaceae;Legionella	9.0	13.0	12.0	2.0	7.0	16.0	0.0	59.0
Bacteria;Pseudomonadati;Pseudomonadota;Alphaproteobacteria;Acetobacterales;Acetobacteraceae;Acidisphaera	3.0	5.0	5.0	42.0	1.0	2.0	0.0	58.0
Bacteria;Pseudomonadati;Pseudomonadota;Gammaproteobacteria;Lysobacterales;Lysobacteraceae;Lysobacter	2.0	11.0	0.0	0.0	26.0	19.0	0.0	58.0
Bacteria;Pseudomonadati;Pseudomonadota;Betaproteobacteria;Burkholderiales;Comamonadaceae;Caenimonas	8.0	19.0	6.0	0.0	11.0	9.0	0.0	53.0
Bacteria;Pseudomonadati;Pseudomonadota;Alphaproteobacteria;Hyphomicrobiales;Xanthobacteraceae;Labrys	8.0	3.0	13.0	4.0	15.0	10.0	0.0	53.0
Bacteria;Pseudomonadati;Pseudomonadota;Betaproteobacteria;Ferritrophicales;Ferritrophicaceae;Ferritrophicum	5.0	10.0	12.0	3.0	18.0	4.0	0.0	52.0
Bacteria;Bacillati;Bacillota;Bacilli;Bacillales;Bacillaceae;Peribacillus	0.0	3.0	4.0	1.0	24.0	19.0	0.0	51.0
Bacteria;Pseudomonadati;Pseudomonadota;Betaproteobacteria;Burkholderiales;Sphaerotilaceae;Roseateles	6.0	13.0	2.0	0.0	3.0	25.0	0.0	49.0
Bacteria;Bacillati;Cyanobacteriota;Cyanophyceae;Chroococcidiopsidales;Chroococcidiopsidaceae;Chroococcidiopsis	0.0	0.0	0.0	0.0	6.0	43.0	0.0	49.0
Bacteria;Pseudomonadati;Acidobacteriota;Blastocatellia;Blastocatellales;Arenimicrobiaceae;Arenimicrobium	14.0	4.0	5.0	0.0	20.0	4.0	0.0	47.0
Bacteria;Pseudomonadati;Planctomycetota;Planctomycetia;Planctomycetales;Planctomycetaceae;Caulifigura	6.0	12.0	5.0	0.0	14.0	10.0	0.0	47.0
Bacteria;Pseudomonadati;Pseudomonadota;Betaproteobacteria;Burkholderiales;Sphaerotilaceae;Rubrivivax	13.0	11.0	10.0	8.0	3.0	2.0	0.0	47.0
Bacteria;Pseudomonadati;Myxococcota;Myxococcia;Myxococcales;Anaeromyxobacteraceae;Anaeromyxobacter	0.0	0.0	13.0	33.0	0.0	1.0	0.0	47.0
Bacteria;Pseudomonadati;Pseudomonadota;Alphaproteobacteria;Geminicoccales;Geminicoccaceae;Arboricoccus	7.0	5.0	11.0	0.0	10.0	12.0	0.0	45.0
Bacteria;Pseudomonadati;Pseudomonadota;Gammaproteobacteria;Steroidobacterales;Steroidobacteraceae;Povalibacter	13.0	10.0	12.0	3.0	5.0	2.0	0.0	45.0
Bacteria;Bacillati;Candidatus Melainabacteria;Vampirovibriophyceae;Vampirovibrionales;Vampirovibrionales_Incertae_sedis;Vampirovibrio	6.0	2.0	8.0	1.0	20.0	7.0	0.0	44.0
Bacteria;Pseudomonadati;Myxococcota;Myxococcota_Incertae_sedis;Haliangiales;Kofleriaceae;Kofleria	8.0	9.0	10.0	8.0	6.0	2.0	0.0	43.0
Bacteria;Pseudomonadati;Pseudomonadota;Gammaproteobacteria;Lysobacterales;Lysobacteraceae;Pseudoluteimonas	3.0	26.0	4.0	0.0	6.0	3.0	0.0	42.0
Bacteria;Pseudomonadati;Acidobacteriota;Blastocatellia;Blastocatellales;Blastocatellaceae;Stenotrophobacter	6.0	12.0	12.0	1.0	9.0	2.0	0.0	42.0
Bacteria;Bacillati;Cyanobacteriota;Cyanophyceae;Nostocales;Tolypothrichaceae;Dactylothamnos	0.0	0.0	0.0	0.0	22.0	20.0	0.0	42.0
Bacteria;Pseudomonadati;Pseudomonadota;Gammaproteobacteria;Lysobacterales;Rhodanobacteraceae;Rudaea	5.0	17.0	8.0	4.0	0.0	7.0	0.0	41.0
Bacteria;Pseudomonadati;Pseudomonadota;Alphaproteobacteria;Hyphomicrobiales;Nitrobacteraceae;Variibacter	3.0	10.0	14.0	0.0	7.0	7.0	0.0	41.0
Bacteria;Pseudomonadati;Pseudomonadota;Betaproteobacteria;Burkholderiales;Sphaerotilaceae;Ideonella	0.0	12.0	12.0	5.0	8.0	4.0	0.0	41.0
Bacteria;Pseudomonadati;Abditibacteriota;Abditibacteriia;Abditibacteriales;Abditibacteriaceae;Abditibacterium	3.0	0.0	4.0	0.0	24.0	10.0	0.0	41.0
Bacteria;Pseudomonadati;Pseudomonadota;Alphaproteobacteria;Hyphomicrobiales;Aestuariivirgaceae;Aestuariivirga	2.0	11.0	16.0	0.0	8.0	4.0	0.0	41.0
Bacteria;Pseudomonadati;Pseudomonadota;Alphaproteobacteria;Hyphomicrobiales;Hyphomicrobiales_Incertae_sedis;Nordella	6.0	13.0	15.0	0.0	6.0	1.0	0.0	41.0
Bacteria;Pseudomonadati;Pseudomonadota;Alphaproteobacteria;Hyphomicrobiales;Afifellaceae;Afifella	11.0	7.0	11.0	0.0	10.0	1.0	0.0	40.0
Bacteria;Pseudomonadati;Pseudomonadota;Alphaproteobacteria;Hyphomicrobiales;Beijerinckiaceae;Beijerinckia	0.0	3.0	2.0	21.0	5.0	9.0	0.0	40.0
Bacteria;Pseudomonadati;Pseudomonadota;Gammaproteobacteria;Enterobacterales;Erwiniaceae;Pantoea	1.0	0.0	1.0	9.0	12.0	17.0	0.0	40.0
Bacteria;Bacillati;Actinomycetota;Acidimicrobiia;Acidimicrobiales;Iamiaceae;Rhabdothermincola	10.0	12.0	14.0	0.0	4.0	0.0	0.0	40.0
Bacteria;Pseudomonadati;Planctomycetota;Planctomycetia;Isosphaerales;Isosphaeraceae;Tautonia	3.0	6.0	4.0	6.0	11.0	9.0	0.0	39.0
Bacteria;Pseudomonadati;Gemmatimonadota;Gemmatimonadia;Gemmatimonadales;Gemmatimonadaceae;Roseisolibacter	2.0	3.0	13.0	7.0	6.0	8.0	0.0	39.0
Bacteria;Bacillati;Bacillota;Bacilli;Bacillales;Alicyclobacillaceae;Tumebacillus	0.0	0.0	5.0	13.0	0.0	20.0	0.0	38.0
Bacteria;Pseudomonadati;Bdellovibrionota;Oligoflexia;Oligoflexales;Oligoflexaceae;Oligoflexus	3.0	4.0	7.0	0.0	16.0	8.0	0.0	38.0
Bacteria;Pseudomonadati;Pseudomonadota;Gammaproteobacteria;Lysobacterales;Lysobacteraceae;Cognatiluteimonas	4.0	10.0	5.0	0.0	14.0	5.0	0.0	38.0
Bacteria;Pseudomonadati;Verrucomicrobiota;Opitutia;Opitutales;Opitutaceae;Opitutus	5.0	4.0	10.0	2.0	1.0	15.0	0.0	37.0
Bacteria;Pseudomonadati;Pseudomonadota;Betaproteobacteria;Burkholderiales;Sphaerotilaceae;Aquincola	5.0	8.0	5.0	0.0	6.0	12.0	0.0	36.0
Bacteria;Bacillati;Bacillota;Bacilli;Bacillales;Bacillaceae;Psychrobacillus	2.0	2.0	2.0	1.0	13.0	16.0	0.0	36.0
Bacteria;Pseudomonadati;Myxococcota;Myxococcota_Incertae_sedis;Polyangiales;Sandaracinaceae;Sandaracinus	3.0	7.0	12.0	2.0	7.0	3.0	0.0	34.0
Bacteria;Pseudomonadati;Pseudomonadota;Alphaproteobacteria;Hyphomicrobiales;Alsobacteraceae;Alsobacter	0.0	0.0	2.0	16.0	2.0	14.0	0.0	34.0
Bacteria;Pseudomonadati;Myxococcota;Myxococcota_Incertae_sedis;Polyangiales;Polyangiaceae;Sorangium	1.0	4.0	9.0	0.0	4.0	16.0	0.0	34.0
Bacteria;Pseudomonadati;Pseudomonadota;Betaproteobacteria;Nitrosomonadales;Sterolibacteriaceae;Sulfuritalea	11.0	9.0	8.0	0.0	6.0	0.0	0.0	34.0
Bacteria;Pseudomonadati;Acidobacteriota;Terriglobia;Terriglobales;Acidobacteriaceae;Granulicella	0.0	0.0	0.0	31.0	1.0	0.0	0.0	32.0
Bacteria;Thermotogati;Deinococcota;Deinococci;Deinococcales;Deinococcaceae;Deinococcus	0.0	0.0	1.0	2.0	11.0	18.0	0.0	32.0
Bacteria;Pseudomonadati;Gemmatimonadota;Gemmatimonadia;Gemmatimonadales;Gemmatimonadaceae;Gemmatirosa	2.0	2.0	10.0	10.0	4.0	4.0	0.0	32.0
Bacteria;Pseudomonadati;Myxococcota;Myxococcia;Myxococcales;Archangiaceae;Stigmatella	1.0	5.0	6.0	7.0	7.0	5.0	0.0	31.0
Bacteria;Pseudomonadati;Pseudomonadota;Alphaproteobacteria;Acetobacterales;Acetobacteraceae;Gluconacetobacter	0.0	2.0	5.0	21.0	2.0	1.0	0.0	31.0
Bacteria;Pseudomonadati;Myxococcota;Myxococcia;Myxococcales;Archangiaceae;Vitiosangium	0.0	1.0	2.0	1.0	1.0	25.0	0.0	30.0
Bacteria;Pseudomonadati;Pseudomonadota;Betaproteobacteria;Burkholderiales;Oxalobacteraceae;Herbaspirillum	3.0	6.0	0.0	4.0	9.0	8.0	0.0	30.0
Bacteria;Bacillati;Actinomycetota;Thermoleophilia;Solirubrobacterales;Patulibacteraceae;Patulibacter	6.0	7.0	7.0	0.0	6.0	3.0	0.0	29.0
Bacteria;Pseudomonadati;Pseudomonadota;Alphaproteobacteria;Acetobacterales;Roseomonadaceae;Belnapia	0.0	0.0	0.0	19.0	1.0	9.0	0.0	29.0
Bacteria;Bacillati;Actinomycetota;Actinomycetes;Propionibacteriales;Nocardioidaceae;Nocardioides	6.0	12.0	5.0	0.0	5.0	1.0	0.0	29.0
Bacteria;Pseudomonadati;Myxococcota;Myxococcota_Incertae_sedis;Polyangiales;Polyangiaceae;Polyangium	10.0	2.0	7.0	1.0	8.0	1.0	0.0	29.0
Bacteria;Pseudomonadati;Pseudomonadota;Alphaproteobacteria;Hyphomicrobiales;Propylenellaceae;Propylenella	11.0	6.0	4.0	0.0	5.0	2.0	0.0	28.0
Bacteria;Pseudomonadati;Bacteroidota;Chitinophagia;Chitinophagales;Chitinophagaceae;Flavipsychrobacter	6.0	10.0	1.0	0.0	7.0	4.0	0.0	28.0
Bacteria;Pseudomonadati;Pseudomonadota;Alphaproteobacteria;Acetobacterales;Acetobacteraceae;Rhodovastum	0.0	3.0	2.0	18.0	1.0	4.0	0.0	28.0
Bacteria;Pseudomonadati;Pseudomonadota;Alphaproteobacteria;Hyphomicrobiales;Beijerinckiaceae;Methylocapsa	0.0	1.0	1.0	20.0	0.0	6.0	0.0	28.0
Bacteria;Bacillati;Cyanobacteriota;Cyanophyceae;Chroococcidiopsidales;Aliterellaceae;Aliterella	0.0	0.0	0.0	0.0	16.0	11.0	0.0	27.0
Bacteria;Pseudomonadati;Planctomycetota;Planctomycetia;Pirellulales;Pirellulaceae;Anatilimnocola	5.0	2.0	6.0	4.0	6.0	4.0	0.0	27.0
Bacteria;Thermotogati;Deinococcota;Deinococci;Trueperales;Trueperaceae;Truepera	0.0	0.0	0.0	0.0	19.0	7.0	0.0	26.0
Bacteria;Pseudomonadati;Myxococcota;Myxococcia;Myxococcales;Myxococcaceae;Simulacricoccus	1.0	2.0	6.0	11.0	3.0	3.0	0.0	26.0
Bacteria;Pseudomonadati;Pseudomonadota;Betaproteobacteria;Nitrosomonadales;Sterolibacteriaceae;Sulfurisoma	6.0	2.0	12.0	1.0	4.0	0.0	0.0	25.0
Bacteria;Pseudomonadati;Pseudomonadota;Alphaproteobacteria;Hyphomicrobiales;Methylobacteriaceae;Psychroglaciecola	0.0	0.0	0.0	21.0	1.0	3.0	0.0	25.0
Bacteria;Pseudomonadati;Pseudomonadota;Alphaproteobacteria;Acetobacterales;Roseomonadaceae;Dankookia	2.0	1.0	0.0	4.0	4.0	13.0	0.0	24.0
Bacteria;Pseudomonadati;Pseudomonadota;Gammaproteobacteria;Steroidobacterales;Steroidobacteraceae;Steroidobacter	12.0	2.0	4.0	1.0	4.0	1.0	0.0	24.0
Bacteria;Pseudomonadati;Acidobacteriota;Blastocatellia;Blastocatellales;Blastocatellaceae;Aridibacter	3.0	1.0	6.0	0.0	7.0	6.0	0.0	23.0
Bacteria;Pseudomonadati;Pseudomonadota;Betaproteobacteria;Burkholderiales;Comamonadaceae;Rhodoferax	2.0	4.0	5.0	0.0	8.0	4.0	0.0	23.0
Bacteria;Pseudomonadati;Pseudomonadota;Alphaproteobacteria;Caulobacterales;Caulobacteraceae;Brevundimonas	0.0	0.0	6.0	0.0	9.0	7.0	0.0	22.0
Bacteria;Pseudomonadati;Pseudomonadota;Alphaproteobacteria;Rhodospirillales;Azospirillaceae;Azospirillum	2.0	0.0	5.0	10.0	3.0	2.0	0.0	22.0
Bacteria;Bacillati;Actinomycetota;Acidimicrobiia;Acidimicrobiales;Iamiaceae;Actinomarinicola	5.0	3.0	6.0	0.0	7.0	1.0	0.0	22.0
Bacteria;Pseudomonadati;Acidobacteriota;Blastocatellia;Blastocatellales;Blastocatellaceae;Blastocatella	2.0	1.0	4.0	0.0	14.0	1.0	0.0	22.0
Bacteria;Pseudomonadati;Myxococcota;Myxococcota_Incertae_sedis;Polyangiales;Polyangiaceae;Chondromyces	2.0	3.0	10.0	2.0	0.0	4.0	0.0	21.0
Bacteria;Pseudomonadati;Planctomycetota;Planctomycetia;Pirellulales;Thermoguttaceae;Thermostilla	7.0	3.0	4.0	2.0	5.0	0.0	0.0	21.0
Bacteria;Bacillati;Actinomycetota;Acidimicrobiia;Acidimicrobiales;Ilumatobacteraceae;Desertimonas	5.0	4.0	7.0	0.0	4.0	1.0	0.0	21.0
Bacteria;Pseudomonadati;Pseudomonadota;Betaproteobacteria;Burkholderiales;Sphaerotilaceae;Azohydromonas	0.0	1.0	2.0	1.0	12.0	4.0	0.0	20.0
Bacteria;Pseudomonadati;Planctomycetota;Planctomycetia;Pirellulales;Lacipirellulaceae;Lacipirellula	6.0	2.0	8.0	0.0	3.0	1.0	0.0	20.0
Bacteria;Pseudomonadati;Pseudomonadota;Betaproteobacteria;Burkholderiales;Oxalobacteraceae;Lacisediminimonas	0.0	1.0	1.0	1.0	7.0	9.0	0.0	19.0
Bacteria;Pseudomonadati;Myxococcota;Myxococcia;Myxococcales;Archangiaceae;Archangium	0.0	0.0	5.0	0.0	2.0	12.0	0.0	19.0
Bacteria;Pseudomonadati;Bacteroidota;Chitinophagia;Chitinophagales;Chitinophagaceae;Puia	5.0	7.0	2.0	4.0	0.0	1.0	0.0	19.0
Bacteria;Pseudomonadati;Myxococcota;Myxococcota_Incertae_sedis;Polyangiales;Polyangiaceae;Minicystis	3.0	4.0	4.0	3.0	0.0	5.0	0.0	19.0
Bacteria;Pseudomonadati;Acidobacteriota;Terriglobia;Terriglobales;Acidobacteriaceae;Silvibacterium	1.0	0.0	0.0	16.0	0.0	1.0	0.0	18.0
Bacteria;Pseudomonadati;Myxococcota;Myxococcota_Incertae_sedis;Polyangiales;Polyangiaceae;Racemicystis	2.0	3.0	8.0	3.0	1.0	1.0	0.0	18.0
Bacteria;Pseudomonadati;Pseudomonadota;Betaproteobacteria;Burkholderiales;Oxalobacteraceae;Undibacterium	1.0	7.0	1.0	0.0	2.0	7.0	0.0	18.0
Bacteria;Pseudomonadati;Pseudomonadota;Alphaproteobacteria;Acetobacterales;Roseomonadaceae;Roseicella	0.0	0.0	1.0	16.0	0.0	1.0	0.0	18.0
Bacteria;Bacillati;Armatimonadota;Armatimonadia;Capsulimonadales;Capsulimonadaceae;Capsulimonas	1.0	4.0	0.0	7.0	1.0	5.0	0.0	18.0
Bacteria;Pseudomonadati;Pseudomonadota;Alphaproteobacteria;Acetobacterales;Acidocellaceae;Acidiphilium	0.0	0.0	0.0	18.0	0.0	0.0	0.0	18.0
Bacteria;Pseudomonadati;Pseudomonadota;Alphaproteobacteria;Sphingomonadales;Sphingomonadaceae;Sphingobium	0.0	4.0	4.0	1.0	8.0	1.0	0.0	18.0
Bacteria;Pseudomonadati;Pseudomonadota;Alphaproteobacteria;Hyphomicrobiales;Phyllobacteriaceae;Phyllobacterium	5.0	2.0	4.0	0.0	6.0	1.0	0.0	18.0
Bacteria;Pseudomonadati;Acidobacteriota;Vicinamibacteria;Vicinamibacterales;Vicinamibacteraceae;Luteitalea	4.0	5.0	2.0	0.0	7.0	0.0	0.0	18.0
Bacteria;Pseudomonadati;Bacteroidota;Cytophagia;Cytophagales;Cytophagaceae;Sporocytophaga	2.0	1.0	2.0	0.0	7.0	6.0	0.0	18.0
Bacteria;Pseudomonadati;Bacteroidota;Flavobacteriia;Flavobacteriales;Flavobacteriaceae;Flavobacterium	3.0	4.0	0.0	0.0	11.0	0.0	0.0	18.0
Bacteria;Pseudomonadati;Pseudomonadota;Alphaproteobacteria;Rhodospirillales;Azospirillaceae;Nitrospirillum	0.0	1.0	0.0	16.0	0.0	0.0	0.0	17.0
Bacteria;Pseudomonadati;Pseudomonadota;Alphaproteobacteria;Hyphomicrobiales;Rhizobiaceae;Neorhizobium	0.0	1.0	0.0	1.0	5.0	10.0	0.0	17.0
Bacteria;Pseudomonadati;Pseudomonadota;Betaproteobacteria;Burkholderiales;Alcaligenaceae;Derxia	5.0	4.0	2.0	0.0	5.0	1.0	0.0	17.0
Bacteria;Pseudomonadati;Pseudomonadota;Betaproteobacteria;Burkholderiales;Sphaerotilaceae;Sphaerotilus	1.0	6.0	3.0	4.0	3.0	0.0	0.0	17.0
Bacteria;Pseudomonadati;Pseudomonadota;Alphaproteobacteria;Hyphomicrobiales;Hyphomicrobiales_Incertae_sedis;Vineibacter	4.0	5.0	2.0	0.0	5.0	0.0	0.0	16.0
Bacteria;Pseudomonadati;Pseudomonadota;Alphaproteobacteria;Acetobacterales;Acetobacteraceae;Lichenicoccus	1.0	0.0	2.0	10.0	2.0	1.0	0.0	16.0
Bacteria;Pseudomonadati;Acidobacteriota;Terriglobia;Terriglobales;Acidobacteriaceae;Terracidiphilus	1.0	1.0	1.0	7.0	0.0	6.0	0.0	16.0
Bacteria;Pseudomonadati;Pseudomonadota;Alphaproteobacteria;Hyphomicrobiales;Lichenihabitantaceae;Lichenibacterium	0.0	1.0	0.0	13.0	1.0	1.0	0.0	16.0
Bacteria;Bacillati;Bacillota;Bacilli;Bacillales;Paenibacillaceae;Cohnella	3.0	3.0	1.0	3.0	4.0	2.0	0.0	16.0
Bacteria;Pseudomonadati;Myxococcota;Myxococcota_Incertae_sedis;Nannocystales;Nannocystaceae;Nannocystis	2.0	1.0	8.0	0.0	3.0	2.0	0.0	16.0
Bacteria;Bacillati;Cyanobacteriota;Cyanophyceae;Nostocales;Calotrichaceae;Dulcicalothrix	0.0	0.0	0.0	0.0	7.0	9.0	0.0	16.0
Bacteria;Bacillati;Actinomycetota;Actinomycetes;Acidothermales;Acidothermaceae;Acidothermus	1.0	2.0	12.0	0.0	0.0	0.0	0.0	15.0
Bacteria;Pseudomonadati;Pseudomonadota;Gammaproteobacteria;Lysobacterales;Lysobacteraceae;Stenotrophomonas	0.0	1.0	7.0	1.0	3.0	3.0	0.0	15.0
Bacteria;Pseudomonadati;Pseudomonadota;Betaproteobacteria;Rhodocyclales;Rhodocyclaceae;Azospira	1.0	7.0	4.0	0.0	2.0	1.0	0.0	15.0
Bacteria;Pseudomonadati;Bacteroidota;Chitinophagia;Chitinophagales;Chitinophagaceae;Parasegetibacter	1.0	0.0	5.0	0.0	6.0	3.0	0.0	15.0
Bacteria;Pseudomonadati;Pseudomonadota;Gammaproteobacteria;Lysobacterales;Lysobacteraceae;Luteimonas	1.0	13.0	1.0	0.0	0.0	0.0	0.0	15.0
Bacteria;Pseudomonadati;Pseudomonadota;Alphaproteobacteria;Rhodospirillales;Oceanibaculaceae;Oceanibaculum	7.0	3.0	3.0	1.0	1.0	0.0	0.0	15.0
Bacteria;Pseudomonadati;Acidobacteriota;Terriglobia;Terriglobales;Acidobacteriaceae;Acidobacterium	0.0	2.0	1.0	7.0	1.0	4.0	0.0	15.0
Bacteria;Pseudomonadati;Pseudomonadota;Betaproteobacteria;Burkholderiales;Burkholderiaceae;Mycetohabitans	5.0	3.0	4.0	0.0	3.0	0.0	0.0	15.0
Bacteria;Bacillati;Cyanobacteriota;Cyanophyceae;Leptolyngbyales;Leptolyngbyaceae;Stenomitos	0.0	0.0	0.0	0.0	5.0	10.0	0.0	15.0
Bacteria;Bacillati;Bacillota;Bacilli;Bacillales;Bacillaceae;Niallia	0.0	1.0	2.0	4.0	1.0	7.0	0.0	15.0
Bacteria;Pseudomonadati;Pseudomonadota;Alphaproteobacteria;Acetobacterales;Acetobacteraceae;Endobacter	0.0	0.0	0.0	12.0	1.0	1.0	0.0	14.0
Bacteria;Bacillati;Actinomycetota;Acidimicrobiia;Acidimicrobiales;Iamiaceae;Aquihabitans	1.0	6.0	3.0	1.0	3.0	0.0	0.0	14.0
Bacteria;Pseudomonadati;Bacteroidota;Chitinophagia;Chitinophagales;Chitinophagaceae;Niveitalea	0.0	5.0	0.0	0.0	7.0	2.0	0.0	14.0
Bacteria;Pseudomonadati;Myxococcota;Myxococcia;Myxococcales;Archangiaceae;Hyalangium	0.0	2.0	2.0	0.0	2.0	8.0	0.0	14.0
Bacteria;Pseudomonadati;Pseudomonadota;Betaproteobacteria;Burkholderiales;Burkholderiaceae;Trinickia	3.0	0.0	0.0	10.0	0.0	1.0	0.0	14.0
Bacteria;Bacillati;Cyanobacteriota;Cyanophyceae;Coleofasciculales;Wilmottiaceae;Pycnacronema	0.0	0.0	0.0	4.0	0.0	9.0	0.0	13.0
Bacteria;Pseudomonadati;Pseudomonadota;Gammaproteobacteria;Chromatiales;Ectothiorhodospiraceae;Ectothiorhodospira	9.0	2.0	1.0	0.0	1.0	0.0	0.0	13.0
Bacteria;Bacillati;Bacillota;Clostridia;Eubacteriales;Clostridiaceae;Clostridium	0.0	2.0	5.0	4.0	0.0	2.0	0.0	13.0
Bacteria;Bacillati;Cyanobacteriota;Cyanophyceae;Leptolyngbyales;Leptolyngbyaceae;Phormidesmis	0.0	1.0	0.0	0.0	0.0	12.0	0.0	13.0
Bacteria;Bacillati;Actinomycetota;Thermoleophilia;Miltoncostaeales;Miltoncostaeaceae;Miltoncostaea	1.0	3.0	3.0	1.0	2.0	2.0	0.0	12.0
Bacteria;Pseudomonadati;Bacteroidota;Cytophagia;Cytophagales;Cytophagaceae;Rhodocytophaga	0.0	0.0	0.0	0.0	6.0	6.0	0.0	12.0
Bacteria;Pseudomonadati;Pseudomonadota;Alphaproteobacteria;Hyphomicrobiales;Boseaceae;Bosea	2.0	2.0	3.0	0.0	2.0	3.0	0.0	12.0
Bacteria;Pseudomonadati;Pseudomonadota;Alphaproteobacteria;Hyphomicrobiales;Phyllobacteriaceae;Chelativorans	2.0	2.0	5.0	0.0	3.0	0.0	0.0	12.0
Bacteria;Pseudomonadati;Pseudomonadota;Alphaproteobacteria;Acetobacterales;Acetobacteraceae;Granulibacter	1.0	1.0	1.0	6.0	2.0	1.0	0.0	12.0
Bacteria;Pseudomonadati;Pseudomonadota;Alphaproteobacteria;Hyphomicrobiales;Rhodoligotrophaceae;Rhodoligotrophos	5.0	1.0	5.0	0.0	1.0	0.0	0.0	12.0
Bacteria;Bacillati;Cyanobacteriota;Cyanophyceae;Oculatellales;Oculatellaceae;Oculatella	0.0	0.0	0.0	0.0	5.0	7.0	0.0	12.0
Bacteria;Bacillati;Chloroflexota;Caldilineae;Caldilineales;Caldilineaceae;Litorilinea	6.0	0.0	5.0	0.0	0.0	0.0	0.0	11.0
Bacteria;Pseudomonadati;Pseudomonadota;Betaproteobacteria;Burkholderiales;Oxalobacteraceae;Duganella	0.0	2.0	2.0	1.0	2.0	4.0	0.0	11.0
Bacteria;Pseudomonadati;Pseudomonadota;Gammaproteobacteria;Chromatiales;Ectothiorhodospiraceae;Thioalbus	2.0	3.0	6.0	0.0	0.0	0.0	0.0	11.0
Bacteria;Bacillati;Cyanobacteriota;Cyanophyceae;Nostocales;Tolypothrichaceae;Kryptousia	0.0	0.0	0.0	0.0	11.0	0.0	0.0	11.0
Bacteria;Pseudomonadati;Planctomycetota;Planctomycetia;Pirellulales;Pirellulaceae;Pirellula	2.0	3.0	2.0	0.0	1.0	3.0	0.0	11.0
Bacteria;Bacillati;Cyanobacteriota;Cyanophyceae;Nostocales;Nostocaceae;Komarekiella	0.0	0.0	0.0	0.0	4.0	7.0	0.0	11.0
Bacteria;Pseudomonadati;Pseudomonadota;Alphaproteobacteria;Hyphomicrobiales;Methylocystaceae;Methylosinus	4.0	3.0	0.0	1.0	3.0	0.0	0.0	11.0
Bacteria;Bacillati;Actinomycetota;Acidimicrobiia;Acidimicrobiales;Ilumatobacteraceae;Ilumatobacter	7.0	3.0	1.0	0.0	0.0	0.0	0.0	11.0
Bacteria;Bacillati;Actinomycetota;Acidimicrobiia;Acidimicrobiales;Acidimicrobiaceae;Acidiferrimicrobium	2.0	4.0	2.0	2.0	1.0	0.0	0.0	11.0
Bacteria;Pseudomonadati;Pseudomonadota;Gammaproteobacteria;Lysobacterales;Lysobacteraceae;Thermomonas	2.0	6.0	3.0	0.0	0.0	0.0	0.0	11.0
Bacteria;Pseudomonadati;Pseudomonadota;Gammaproteobacteria;Lysobacterales;Rhodanobacteraceae;Frateuria	0.0	0.0	0.0	3.0	0.0	8.0	0.0	11.0
Bacteria;Pseudomonadati;Acidobacteriota;Terriglobia;Terriglobales;Acidobacteriaceae;Bryocella	0.0	0.0	0.0	9.0	0.0	1.0	0.0	10.0
Bacteria;Pseudomonadati;Bacteroidota;Chitinophagia;Chitinophagales;Chitinophagaceae;Ilyomonas	0.0	0.0	1.0	1.0	5.0	3.0	0.0	10.0
Bacteria;Bacillati;Cyanobacteriota;Cyanophyceae;Pleurocapsales;Pleurocapsales_Incertae_sedis;Odorella	0.0	0.0	0.0	0.0	3.0	7.0	0.0	10.0
Bacteria;Pseudomonadati;Pseudomonadota;Betaproteobacteria;Burkholderiales;Alcaligenaceae;Pigmentiphaga	1.0	1.0	1.0	0.0	4.0	3.0	0.0	10.0
Bacteria;Pseudomonadati;Pseudomonadota;Alphaproteobacteria;Hyphomicrobiales;Nitrobacteraceae;Afipia	0.0	0.0	4.0	0.0	3.0	3.0	0.0	10.0
Bacteria;Pseudomonadati;Pseudomonadota;Alphaproteobacteria;Hyphomicrobiales;Methylobacteriaceae;Enterovirga	0.0	1.0	0.0	0.0	3.0	6.0	0.0	10.0
Bacteria;Bacillati;Actinomycetota;Actinomycetes;Propionibacteriales;Propionibacteriaceae;Microlunatus	1.0	2.0	1.0	1.0	4.0	1.0	0.0	10.0
Bacteria;Pseudomonadati;Acidobacteriota;Terriglobia;Terriglobales;Acidobacteriaceae;Acidicapsa	1.0	2.0	2.0	2.0	2.0	1.0	0.0	10.0
Bacteria;Bacillati;Cyanobacteriota;Cyanophyceae;Oculatellales;Oculatellaceae;Albertania	0.0	0.0	0.0	0.0	1.0	9.0	0.0	10.0
Bacteria;Bacillati;Cyanobacteriota;Cyanophyceae;Oculatellales;Oculatellaceae;Tildeniella	0.0	0.0	0.0	0.0	0.0	10.0	0.0	10.0
Bacteria;Bacillati;Cyanobacteriota;Cyanophyceae;Oculatellales;Oculatellaceae;Drouetiella	0.0	0.0	0.0	0.0	3.0	7.0	0.0	10.0
Bacteria;Bacillati;Bacillota;Bacilli;Bacillales;Caryophanaceae;Solibacillus	4.0	0.0	0.0	3.0	1.0	2.0	0.0	10.0
Bacteria;Pseudomonadati;Pseudomonadota;Alphaproteobacteria;Hyphomicrobiales;Nitrobacteraceae;Rhodopseudomonas	1.0	2.0	4.0	0.0	0.0	3.0	0.0	10.0
Bacteria;Bacillati;Actinomycetota;Actinomycetes;Micrococcales;Microbacteriaceae;Curtobacterium	0.0	0.0	1.0	1.0	2.0	1.0	5.0	10.0
Bacteria;Pseudomonadati;Pseudomonadota;Gammaproteobacteria;Legionellales;Coxiellaceae;Aquicella	0.0	5.0	2.0	1.0	1.0	1.0	0.0	10.0
Bacteria;Pseudomonadati;Pseudomonadota;Alphaproteobacteria;Sphingomonadales;Sphingosinicellaceae;Sphingosinicella	7.0	0.0	3.0	0.0	0.0	0.0	0.0	10.0
Bacteria;Pseudomonadati;Pseudomonadota;Alphaproteobacteria;Hyphomicrobiales;Hyphomicrobiaceae;Methyloceanibacter	1.0	0.0	9.0	0.0	0.0	0.0	0.0	10.0
Bacteria;Pseudomonadati;Pseudomonadota;Gammaproteobacteria;Lysobacterales;Rhodanobacteraceae;Tahibacter	1.0	2.0	0.0	0.0	2.0	5.0	0.0	10.0
Bacteria;Pseudomonadati;Pseudomonadota;Gammaproteobacteria;Lysobacterales;Rhodanobacteraceae;Luteibacter	1.0	1.0	1.0	0.0	4.0	3.0	0.0	10.0
Bacteria;Pseudomonadati;Pseudomonadota;Alphaproteobacteria;Acetobacterales;Roseomonadaceae;Siccirubricoccus	0.0	0.0	0.0	5.0	1.0	4.0	0.0	10.0
Bacteria;Bacillati;Bacillota;Bacilli;Bacillales;Bacillaceae;Pseudoneobacillus	1.0	0.0	1.0	6.0	0.0	2.0	0.0	10.0
Bacteria;Pseudomonadati;Planctomycetota;Planctomycetia;Gemmatales;Gemmataceae;Limnoglobus	1.0	2.0	4.0	2.0	0.0	1.0	0.0	10.0
Bacteria;Pseudomonadati;Pseudomonadota;Alphaproteobacteria;Sphingomonadales;Erythrobacteraceae;Altererythrobacter	0.0	3.0	2.0	0.0	5.0	0.0	0.0	10.0
Bacteria;Bacillati;Armatimonadota;Chthonomonadia;Chthonomonadales;Chthonomonadaceae;Chthonomonas	0.0	3.0	1.0	2.0	3.0	1.0	0.0	10.0
Bacteria;Pseudomonadati;Pseudomonadota;Gammaproteobacteria;Lysobacterales;Lysobacteraceae;Cognatilysobacter	1.0	4.0	0.0	0.0	0.0	5.0	0.0	10.0
Bacteria;Bacillati;Actinomycetota;Actinomycetes;Pseudonocardiales;Pseudonocardiaceae;Pseudonocardia	2.0	0.0	3.0	1.0	0.0	3.0	0.0	9.0
Bacteria;Bacillati;Cyanobacteriota;Cyanophyceae;Leptolyngbyales;Leptolyngbyaceae;Myxacorys	0.0	0.0	0.0	0.0	0.0	9.0	0.0	9.0
Bacteria;Pseudomonadati;Acidobacteriota;Blastocatellia;Blastocatellales;Blastocatellaceae;Tellurimicrobium	2.0	3.0	1.0	0.0	1.0	2.0	0.0	9.0
Bacteria;Pseudomonadati;Pseudomonadota;Alphaproteobacteria;Caulobacterales;Caulobacteraceae;Asticcacaulis	0.0	0.0	0.0	1.0	7.0	1.0	0.0	9.0
Bacteria;Pseudomonadati;Pseudomonadota;Alphaproteobacteria;Sphingomonadales;Erythrobacteraceae;Altericroceibacterium	1.0	5.0	1.0	1.0	0.0	1.0	0.0	9.0
Bacteria;Pseudomonadati;Pseudomonadota;Betaproteobacteria;Nitrosomonadales;Sulfuricellaceae;Sulfuricella	0.0	5.0	0.0	3.0	1.0	0.0	0.0	9.0
Bacteria;Pseudomonadati;Pseudomonadota;Betaproteobacteria;Burkholderiales;Oxalobacteraceae;Rugamonas	0.0	4.0	1.0	1.0	2.0	1.0	0.0	9.0
Bacteria;Pseudomonadati;Pseudomonadota;Betaproteobacteria;Burkholderiales;Burkholderiaceae;Lautropia	0.0	0.0	0.0	0.0	6.0	3.0	0.0	9.0
Bacteria;Pseudomonadati;Pseudomonadota;Alphaproteobacteria;Hyphomicrobiales;Lichenihabitantaceae;Lichenihabitans	0.0	0.0	0.0	9.0	0.0	0.0	0.0	9.0
Bacteria;Bacillati;Actinomycetota;Actinomycetes;Kitasatosporales;Streptomycetaceae;Streptomyces	3.0	4.0	1.0	0.0	1.0	0.0	0.0	9.0
Bacteria;Bacillati;Bacillota;Bacilli;Bacillales;Bacillaceae;Metabacillus	0.0	0.0	0.0	1.0	1.0	6.0	0.0	8.0
Bacteria;Pseudomonadati;Gemmatimonadota;Longimicrobiia;Longimicrobiales;Longimicrobiaceae;Longimicrobium	0.0	2.0	2.0	2.0	0.0	2.0	0.0	8.0
Bacteria;Pseudomonadati;Pseudomonadota;Gammaproteobacteria;Chromatiales;Ectothiorhodospiraceae;Thioalkalivibrio	3.0	1.0	2.0	0.0	2.0	0.0	0.0	8.0
Bacteria;Pseudomonadati;Bacteroidota;Chitinophagia;Chitinophagales;Chitinophagaceae;Hanamia	1.0	4.0	0.0	0.0	1.0	2.0	0.0	8.0
Bacteria;Pseudomonadati;Pseudomonadota;Alphaproteobacteria;Rhodospirillales;Azospirillaceae;Arenibaculum	0.0	1.0	2.0	3.0	1.0	1.0	0.0	8.0
Bacteria;Bacillati;Cyanobacteriota;Cyanophyceae;Oculatellales;Oculatellaceae;Komarkovaea	0.0	0.0	0.0	0.0	3.0	5.0	0.0	8.0
Bacteria;Pseudomonadati;Pseudomonadota;Gammaproteobacteria;Cellvibrionales;Cellvibrionaceae;Cellvibrio	0.0	2.0	1.0	0.0	4.0	1.0	0.0	8.0
Bacteria;Bacillati;Cyanobacteriota;Cyanophyceae;Nostocales;Scytonemataceae;Brasilonema	0.0	0.0	0.0	0.0	7.0	1.0	0.0	8.0
Bacteria;Pseudomonadati;Bacteroidota;Chitinophagia;Chitinophagales;Chitinophagaceae;Chitinophaga	0.0	0.0	1.0	0.0	3.0	4.0	0.0	8.0
Bacteria;Pseudomonadati;Pseudomonadota;Alphaproteobacteria;Hyphomicrobiales;Hyphomicrobiaceae;Rhodomicrobium	2.0	1.0	1.0	0.0	4.0	0.0	0.0	8.0
Bacteria;Pseudomonadati;Pseudomonadota;Alphaproteobacteria;Hyphomicrobiales;Kaistiaceae;Kaistia	0.0	3.0	4.0	0.0	0.0	1.0	0.0	8.0
Bacteria;Pseudomonadati;Pseudomonadota;Gammaproteobacteria;Lysobacterales;Rhodanobacteraceae;Mizugakiibacter	3.0	0.0	1.0	0.0	1.0	3.0	0.0	8.0
Bacteria;Pseudomonadati;Bacteroidota;Cytophagia;Cytophagales;Spirosomataceae;Dyadobacter	0.0	1.0	0.0	0.0	4.0	2.0	0.0	7.0
Bacteria;Pseudomonadati;Planctomycetota;Planctomycetia;Planctomycetales;Planctomycetaceae;Planctopirus	1.0	1.0	3.0	0.0	1.0	1.0	0.0	7.0
Bacteria;Bacillati;Cyanobacteriota;Cyanophyceae;Nostocales;Nostocaceae;Compactonostoc	0.0	0.0	0.0	0.0	6.0	1.0	0.0	7.0
Bacteria;Pseudomonadati;Planctomycetota;Planctomycetia;Pirellulales;Pirellulaceae;Blastopirellula	2.0	2.0	2.0	1.0	0.0	0.0	0.0	7.0
Bacteria;Pseudomonadati;Pseudomonadota;Alphaproteobacteria;Acetobacterales;Acetobacteraceae;Pseudoroseomonas	0.0	0.0	0.0	1.0	5.0	1.0	0.0	7.0
Bacteria;Bacillati;Actinomycetota;Thermoleophilia;Solirubrobacterales;Baekduiaceae;Baekduia	0.0	1.0	2.0	0.0	3.0	1.0	0.0	7.0
Bacteria;Pseudomonadati;Pseudomonadota;Alphaproteobacteria;Hyphomicrobiales;Aurantimonadaceae;Aureimonas	1.0	0.0	0.0	0.0	0.0	6.0	0.0	7.0
Bacteria;Pseudomonadati;Pseudomonadota;Alphaproteobacteria;Acetobacterales;Roseomonadaceae;Roseomonas	0.0	0.0	0.0	0.0	5.0	2.0	0.0	7.0
Bacteria;Bacillati;Cyanobacteriota;Cyanophyceae;Oculatellales;Oculatellaceae;Timaviella	0.0	0.0	0.0	0.0	2.0	5.0	0.0	7.0
Bacteria;Pseudomonadati;Pseudomonadota;Gammaproteobacteria;Steroidobacterales;Steroidobacteraceae;Peristeroidobacter	2.0	1.0	2.0	0.0	2.0	0.0	0.0	7.0
Bacteria;Bacillati;Bacillota;Bacilli;Bacillales;Bacillaceae;Lysinibacillus	0.0	1.0	1.0	0.0	4.0	1.0	0.0	7.0
Bacteria;Pseudomonadati;Pseudomonadota;Alphaproteobacteria;Hyphomonadales;Hyphomonadaceae;Asprobacter	5.0	1.0	1.0	0.0	0.0	0.0	0.0	7.0
Bacteria;Bacillati;Bacillota;Negativicutes;Selenomonadales;Sporomusaceae;Pelosinus	0.0	6.0	1.0	0.0	0.0	0.0	0.0	7.0
Bacteria;Bacillati;Armatimonadota;Fimbriimonadia;Fimbriimonadales;Fimbriimonadaceae;Fimbriimonas	0.0	3.0	1.0	1.0	1.0	1.0	0.0	7.0
Bacteria;Pseudomonadati;Myxococcota;Myxococcota_Incertae_sedis;Polyangiales;Phaselicystidaceae;Phaselicystis	2.0	0.0	2.0	0.0	1.0	2.0	0.0	7.0
Bacteria;Pseudomonadati;Myxococcota;Myxococcia;Myxococcales;Archangiaceae;Cystobacter	1.0	0.0	2.0	1.0	2.0	0.0	0.0	6.0
Bacteria;Pseudomonadati;Bacteroidota;Chitinophagia;Chitinophagales;Chitinophagaceae;Parafilimonas	3.0	3.0	0.0	0.0	0.0	0.0	0.0	6.0
Bacteria;Pseudomonadati;Bacteroidota;Cytophagia;Cytophagales;Fulvivirgaceae;Chryseolinea	5.0	0.0	1.0	0.0	0.0	0.0	0.0	6.0
Bacteria;Bacillati;Actinomycetota;Actinomycetes;Mycobacteriales;Mycobacteriaceae;Mycolicibacterium	1.0	0.0	1.0	2.0	0.0	2.0	0.0	6.0
Bacteria;Pseudomonadati;Pseudomonadota;Betaproteobacteria;Burkholderiales;Oxalobacteraceae;Oxalicibacterium	1.0	1.0	2.0	0.0	1.0	1.0	0.0	6.0
Bacteria;Pseudomonadati;Pseudomonadota;Betaproteobacteria;Burkholderiales;Burkholderiaceae;Mycoavidus	0.0	1.0	4.0	0.0	0.0	1.0	0.0	6.0
Bacteria;Pseudomonadati;Verrucomicrobiota;Terrimicrobiia;Terrimicrobiales;Terrimicrobiaceae;Terrimicrobium	0.0	0.0	4.0	2.0	0.0	0.0	0.0	6.0
Bacteria;Bacillati;Actinomycetota;Actinomycetes;Micrococcales;Microbacteriaceae;Leifsonia	0.0	1.0	0.0	4.0	1.0	0.0	0.0	6.0
Bacteria;Pseudomonadati;Planctomycetota;Planctomycetia;Pirellulales;Lacipirellulaceae;Pirellulimonas	1.0	3.0	2.0	0.0	0.0	0.0	0.0	6.0
Bacteria;Pseudomonadati;Bacteroidota;Cytophagia;Cytophagales;Cyclobacteriaceae;Algoriphagus	0.0	0.0	0.0	0.0	3.0	3.0	0.0	6.0
Bacteria;Pseudomonadati;Pseudomonadota;Gammaproteobacteria;Lysobacterales;Rhodanobacteraceae;Rhodanobacter	5.0	0.0	0.0	0.0	0.0	1.0	0.0	6.0
Bacteria;Bacillati;Chloroflexota;Ktedonobacteria;Ktedonobacterales;Ktedonosporobacteraceae;Ktedonosporobacter	0.0	0.0	0.0	6.0	0.0	0.0	0.0	6.0
Bacteria;Pseudomonadati;Myxococcota;Myxococcia;Myxococcales;Vulgatibacteraceae;Vulgatibacter	1.0	0.0	3.0	1.0	0.0	1.0	0.0	6.0
Bacteria;Bacillati;Cyanobacteriota;Cyanophyceae;Nostocales;Nostocaceae;Amazonocrinis	0.0	0.0	0.0	0.0	0.0	6.0	0.0	6.0
Bacteria;Pseudomonadati;Pseudomonadota;Alphaproteobacteria;Rhodobacterales;Paracoccaceae;Cypionkella	1.0	2.0	3.0	0.0	0.0	0.0	0.0	6.0
Bacteria;Bacillati;Bacillota;Clostridia;Lachnospirales;Lachnospiraceae;Anaerocolumna	0.0	2.0	0.0	1.0	0.0	3.0	0.0	6.0
Bacteria;Pseudomonadati;Pseudomonadota;Gammaproteobacteria;Lysobacterales;Rhodanobacteraceae;Dyella	1.0	0.0	0.0	5.0	0.0	0.0	0.0	6.0
Bacteria;Pseudomonadati;Pseudomonadota;Gammaproteobacteria;Lysobacterales;Rhodanobacteraceae;Chiayiivirga	1.0	0.0	1.0	0.0	0.0	4.0	0.0	6.0
Bacteria;Pseudomonadati;Planctomycetota;Planctomycetia;Planctomycetales;Planctomycetaceae;Schlesneria	2.0	1.0	0.0	1.0	2.0	0.0	0.0	6.0
Bacteria;Bacillati;Cyanobacteriota;Cyanophyceae;Oculatellales;Oculatellaceae;Pegethrix	0.0	1.0	0.0	0.0	0.0	5.0	0.0	6.0
Bacteria;Bacillati;Chloroflexota;Ktedonobacteria;Ktedonobacterales;Dictyobacteraceae;Dictyobacter	0.0	0.0	0.0	6.0	0.0	0.0	0.0	6.0
Bacteria;Pseudomonadati;Pseudomonadota;Alphaproteobacteria;Hyphomicrobiales;Rhizobiaceae;Pararhizobium	1.0	1.0	0.0	1.0	1.0	1.0	0.0	5.0
Bacteria;Pseudomonadati;Pseudomonadota;Gammaproteobacteria;Lysobacterales;Lysobacteraceae;Pseudoxanthomonas	0.0	1.0	2.0	0.0	2.0	0.0	0.0	5.0
Bacteria;Bacillati;Actinomycetota;Actinomycetes;Micrococcales;Micrococcaceae;Arthrobacter	0.0	1.0	0.0	1.0	2.0	1.0	0.0	5.0
Bacteria;Bacillati;Bacillota;Clostridia;Peptostreptococcales;Peptostreptococcaceae;Romboutsia	0.0	2.0	1.0	0.0	1.0	1.0	0.0	5.0
Bacteria;Pseudomonadati;Pseudomonadota;Gammaproteobacteria;Legionellales;Coxiellaceae;Coxiella	0.0	1.0	1.0	0.0	2.0	1.0	0.0	5.0
Bacteria;Bacillati;Actinomycetota;Actinomycetes;Micrococcales;Microbacteriaceae;Amnibacterium	0.0	1.0	1.0	2.0	1.0	0.0	0.0	5.0
Bacteria;Pseudomonadati;Pseudomonadota;Alphaproteobacteria;Hyphomicrobiales;Methylopilaceae;Methylopila	0.0	1.0	3.0	1.0	0.0	0.0	0.0	5.0
Bacteria;Bacillati;Cyanobacteriota;Cyanophyceae;Chroococcidiopsidales;Sinocapsaceae;Sinocapsa	0.0	0.0	0.0	3.0	1.0	1.0	0.0	5.0
Bacteria;Bacillati;Actinomycetota;Actinomycetes;Jatrophihabitantales;Jatrophihabitantaceae;Jatrophihabitans	1.0	2.0	1.0	1.0	0.0	0.0	0.0	5.0
Bacteria;Pseudomonadati;Pseudomonadota;Alphaproteobacteria;Hyphomicrobiales;Rhizobiaceae;Agrobacterium	0.0	0.0	0.0	1.0	1.0	3.0	0.0	5.0
Bacteria;Bacillati;Actinomycetota;Thermoleophilia;Solirubrobacterales;Parviterribacteraceae;Parviterribacter	1.0	0.0	0.0	1.0	3.0	0.0	0.0	5.0
Bacteria;Pseudomonadati;Pseudomonadota;Gammaproteobacteria;Lysobacterales;Lysobacteraceae;Xanthomonas	0.0	3.0	1.0	0.0	1.0	0.0	0.0	5.0
Bacteria;Pseudomonadati;Pseudomonadota;Betaproteobacteria;Nitrosomonadales;Sterolibacteriaceae;Sterolibacterium	0.0	2.0	3.0	0.0	0.0	0.0	0.0	5.0
Bacteria;Pseudomonadati;Pseudomonadota;Betaproteobacteria;Rhodocyclales;Zoogloeaceae;Uliginosibacterium	0.0	0.0	0.0	0.0	2.0	3.0	0.0	5.0
Bacteria;Bacillati;Cyanobacteriota;Cyanophyceae;Nostocales;Cyanomargaritaceae;Cyanomargarita	0.0	0.0	0.0	0.0	0.0	5.0	0.0	5.0
Bacteria;Pseudomonadati;Pseudomonadota;Alphaproteobacteria;Acetobacterales;Acidocellaceae;Acidisoma	0.0	1.0	0.0	3.0	0.0	1.0	0.0	5.0
Bacteria;Pseudomonadati;Pseudomonadota;Alphaproteobacteria;Sphingomonadales;Sphingomonadaceae;Sphingorhabdus	0.0	1.0	3.0	0.0	1.0	0.0	0.0	5.0
Bacteria;Pseudomonadati;Pseudomonadota;Gammaproteobacteria;Oceanospirillales;Halomonadaceae;Halomonas	0.0	0.0	0.0	0.0	0.0	5.0	0.0	5.0
Bacteria;Pseudomonadati;Pseudomonadota;Betaproteobacteria;Rhodocyclales;Rhodocyclaceae;Aromatoleum	2.0	1.0	1.0	0.0	0.0	1.0	0.0	5.0
Bacteria;Bacillati;Cyanobacteriota;Cyanophyceae;Nostocales;Calotrichaceae;Macrochaete	0.0	0.0	0.0	0.0	4.0	1.0	0.0	5.0
Bacteria;Pseudomonadati;Pseudomonadota;Gammaproteobacteria;Enterobacterales;Yersiniaceae;Serratia	0.0	0.0	0.0	0.0	0.0	0.0	5.0	5.0
Bacteria;Bacillati;Actinomycetota;Actinomycetes;Sporichthyales;Sporichthyaceae;Sporichthya	1.0	4.0	0.0	0.0	0.0	0.0	0.0	5.0
Bacteria;Pseudomonadati;Bacteroidota;Cytophagia;Cytophagales;Cytophagaceae;Spirosoma	0.0	0.0	1.0	0.0	3.0	1.0	0.0	5.0
Bacteria;Pseudomonadati;Pseudomonadota;Betaproteobacteria;Burkholderiales;Oxalobacteraceae;Telluria	0.0	1.0	1.0	0.0	3.0	0.0	0.0	5.0
Bacteria;Pseudomonadati;Bacteroidota;Saprospiria;Saprospirales;Lewinellaceae;Flavilitoribacter	1.0	3.0	1.0	0.0	0.0	0.0	0.0	5.0
Bacteria;Pseudomonadati;Bacteroidota;Cytophagia;Cytophagales;Hymenobacteraceae;Adhaeribacter	1.0	1.0	1.0	0.0	2.0	0.0	0.0	5.0
Bacteria;Pseudomonadati;Pseudomonadota;Betaproteobacteria;Burkholderiales;Burkholderiaceae;Cupriavidus	0.0	2.0	1.0	0.0	2.0	0.0	0.0	5.0
Bacteria;Bacillati;Bacillota;Bacillota_Incertae_sedis;Bacillota_Incertae_sedis;Bacillota_Incertae_sedis;Hydrogenispora	0.0	1.0	0.0	2.0	0.0	2.0	0.0	5.0
Bacteria;Pseudomonadati;Pseudomonadota;Alphaproteobacteria;Hyphomicrobiales;Nitrobacteraceae;Tardiphaga	1.0	2.0	2.0	0.0	0.0	0.0	0.0	5.0
Bacteria;Pseudomonadati;Pseudomonadota;Betaproteobacteria;Burkholderiales;Burkholderiaceae;Quisquiliibacterium	0.0	0.0	2.0	1.0	1.0	1.0	0.0	5.0
Bacteria;Pseudomonadati;Myxococcota;Myxococcia;Myxococcales;Myxococcaceae;Corallococcus	0.0	0.0	0.0	2.0	2.0	1.0	0.0	5.0
Bacteria;Bacillati;Bacillota;Bacilli;Bacillales;Caryophanaceae;Rummeliibacillus	0.0	0.0	0.0	5.0	0.0	0.0	0.0	5.0
Bacteria;Pseudomonadati;Bacteroidota;Sphingobacteriia;Sphingobacteriales;Sphingobacteriaceae;Pedobacter	0.0	1.0	0.0	0.0	3.0	1.0	0.0	5.0
Bacteria;Bacillati;Actinomycetota;Actinomycetes;Micrococcales;Intrasporangiaceae;Terrabacter	0.0	0.0	1.0	2.0	1.0	0.0	0.0	4.0
Bacteria;Pseudomonadati;Pseudomonadota;Alphaproteobacteria;Hyphomicrobiales;Nitrobacteraceae;Nitrobacter	3.0	0.0	0.0	0.0	0.0	1.0	0.0	4.0
Bacteria;Pseudomonadati;Acidobacteriota;Terriglobia;Terriglobales;Acidobacteriaceae;Acidisarcina	0.0	0.0	3.0	1.0	0.0	0.0	0.0	4.0
Bacteria;Pseudomonadati;Thermodesulfobacteriota;Desulfuromonadia;Desulfuromonadales;Syntrophotaleaceae;Syntrophotalea	0.0	0.0	2.0	0.0	1.0	1.0	0.0	4.0
Bacteria;Pseudomonadati;Pseudomonadota;Alphaproteobacteria;Sphingomonadales;Erythrobacteraceae;Tsuneonella	1.0	0.0	1.0	0.0	0.0	2.0	0.0	4.0
Bacteria;Pseudomonadati;Myxococcota;Myxococcota_Incertae_sedis;Polyangiales;Polyangiaceae;Aetherobacter	0.0	1.0	1.0	1.0	1.0	0.0	0.0	4.0
Bacteria;Pseudomonadati;Planctomycetota;Planctomycetia;Planctomycetales;Planctomycetaceae;Gimesia	0.0	2.0	0.0	0.0	2.0	0.0	0.0	4.0
Bacteria;Pseudomonadati;Pseudomonadota;Betaproteobacteria;Burkholderiales;Burkholderiales_Incertae_sedis;Tepidimonas	0.0	0.0	3.0	1.0	0.0	0.0	0.0	4.0
Bacteria;Pseudomonadati;Bacteroidota;Chitinophagia;Chitinophagales;Chitinophagaceae;Flavihumibacter	1.0	0.0	2.0	0.0	0.0	1.0	0.0	4.0
Bacteria;Pseudomonadati;Acidobacteriota;Terriglobia;Terriglobales;Acidobacteriaceae;Paracidobacterium	1.0	0.0	1.0	2.0	0.0	0.0	0.0	4.0
Bacteria;Pseudomonadati;Pseudomonadota;Betaproteobacteria;Burkholderiales;Burkholderiaceae;Pandoraea	0.0	2.0	1.0	0.0	0.0	1.0	0.0	4.0
Bacteria;Pseudomonadati;Pseudomonadota;Betaproteobacteria;Burkholderiales;Comamonadaceae;Xenophilus	0.0	0.0	0.0	0.0	1.0	3.0	0.0	4.0
Bacteria;Pseudomonadati;Pseudomonadota;Betaproteobacteria;Burkholderiales;Burkholderiaceae;Burkholderia	0.0	0.0	0.0	0.0	2.0	2.0	0.0	4.0
Bacteria;Pseudomonadati;Pseudomonadota;Gammaproteobacteria;Enterobacterales;Enterobacteriaceae;Enterobacter	0.0	0.0	0.0	0.0	4.0	0.0	0.0	4.0
Bacteria;Pseudomonadati;Pseudomonadota;Gammaproteobacteria;Enterobacterales;Enterobacteriaceae;Pseudescherichia	0.0	0.0	0.0	0.0	3.0	1.0	0.0	4.0
Bacteria;Bacillati;Bacillota;Bacilli;Bacillales;Bacillales_Incertae_sedis;Exiguobacterium	0.0	0.0	0.0	0.0	3.0	1.0	0.0	4.0
Bacteria;Pseudomonadati;Acidobacteriota;Terriglobia;Terriglobales;Acidobacteriaceae;Acidipila	0.0	0.0	0.0	4.0	0.0	0.0	0.0	4.0
Bacteria;Bacillati;Bacillota;Clostridia;Eubacteriales;Oscillospiraceae;Acetivibrio	0.0	1.0	2.0	1.0	0.0	0.0	0.0	4.0
Bacteria;Bacillati;Cyanobacteriota;Cyanophyceae;Leptolyngbyales;Leptolyngbyaceae;Leptodesmis	0.0	0.0	0.0	0.0	0.0	4.0	0.0	4.0
Bacteria;Pseudomonadati;Myxococcota;Myxococcia;Myxococcales;Myxococcaceae;Aggregicoccus	0.0	0.0	0.0	1.0	0.0	3.0	0.0	4.0
Bacteria;Bacillati;Cyanobacteriota;Cyanophyceae;Coleofasciculales;Coleofasciculaceae;Arizonema	0.0	0.0	0.0	0.0	4.0	0.0	0.0	4.0
Bacteria;Bacillati;Bacillota;Negativicutes;Selenomonadales;Sporomusaceae;Sporomusa	0.0	4.0	0.0	0.0	0.0	0.0	0.0	4.0
Bacteria;Bacillati;Bacillota;Bacilli;Bacillales;Bacillaceae;Cytobacillus	0.0	0.0	0.0	4.0	0.0	0.0	0.0	4.0
Bacteria;Pseudomonadati;Thermodesulfobacteriota;Desulfuromonadia;Desulfuromonadales;Desulfuromonadaceae;Desulfuromonas	1.0	0.0	1.0	0.0	2.0	0.0	0.0	4.0
Bacteria;Pseudomonadati;Pseudomonadota;Alphaproteobacteria;Acetobacterales;Roseomonadaceae;Paracraurococcus	0.0	0.0	0.0	4.0	0.0	0.0	0.0	4.0
Bacteria;Bacillati;Cyanobacteriota;Cyanophyceae;Nostocales;Symphyonemataceae;Loriellopsis	0.0	0.0	0.0	0.0	0.0	4.0	0.0	4.0
Bacteria;Pseudomonadati;Pseudomonadota;Betaproteobacteria;Neisseriales;Chitinibacteraceae;Chitinimonas	0.0	1.0	1.0	1.0	0.0	1.0	0.0	4.0
Bacteria;Pseudomonadati;Pseudomonadota;Alphaproteobacteria;Parvularculales;Parvularculaceae;Marinicaulis	2.0	0.0	0.0	0.0	2.0	0.0	0.0	4.0
Bacteria;Pseudomonadati;Pseudomonadota;Alphaproteobacteria;Rhodobacterales;Roseobacteraceae;Rubellimicrobium	0.0	0.0	0.0	0.0	1.0	3.0	0.0	4.0
Bacteria;Pseudomonadati;Pseudomonadota;Gammaproteobacteria;Oceanospirillales;Oceanospirillaceae;Motiliproteus	1.0	1.0	0.0	0.0	1.0	1.0	0.0	4.0
Bacteria;Pseudomonadati;Pseudomonadota;Alphaproteobacteria;Hyphomicrobiales;Pleomorphomonadaceae;Pleomorphomonas	0.0	3.0	0.0	0.0	1.0	0.0	0.0	4.0
Bacteria;Pseudomonadati;Pseudomonadota;Alphaproteobacteria;Hyphomicrobiales;Phyllobacteriaceae;Pseudaminobacter	1.0	0.0	0.0	2.0	1.0	0.0	0.0	4.0
Bacteria;Bacillati;Actinomycetota;Actinomycetes;Geodermatophilales;Geodermatophilaceae;Blastococcus	0.0	0.0	2.0	1.0	1.0	0.0	0.0	4.0
Bacteria;Pseudomonadati;Pseudomonadota;Betaproteobacteria;Rhodocyclales;Rhodocyclaceae;Propionivibrio	1.0	1.0	2.0	0.0	0.0	0.0	0.0	4.0
Bacteria;Pseudomonadati;Pseudomonadota;Alphaproteobacteria;Acetobacterales;Acetobacteraceae;Komagataeibacter	0.0	0.0	0.0	4.0	0.0	0.0	0.0	4.0
Bacteria;Pseudomonadati;Pseudomonadota;Alphaproteobacteria;Rhodospirillales;Novispirillaceae;Novispirillum	3.0	0.0	0.0	0.0	1.0	0.0	0.0	4.0
Bacteria;Pseudomonadati;Planctomycetota;Planctomycetia;Pirellulales;Lacipirellulaceae;Bythopirellula	1.0	1.0	1.0	0.0	1.0	0.0	0.0	4.0
Bacteria;Pseudomonadati;Pseudomonadota;Alphaproteobacteria;Geminicoccales;Geminicoccaceae;Geminicoccus	0.0	0.0	0.0	0.0	3.0	1.0	0.0	4.0
Bacteria;Bacillati;Actinomycetota;Actinomycetes;Micrococcales;Intrasporangiaceae;Phycicoccus	1.0	0.0	2.0	0.0	0.0	0.0	0.0	3.0
Bacteria;Bacillati;Actinomycetota;Actinomycetes;Micrococcales;Microbacteriaceae;Microbacterium	1.0	2.0	0.0	0.0	0.0	0.0	0.0	3.0
Bacteria;Pseudomonadati;Bacteroidota;Chitinophagia;Chitinophagales;Chitinophagaceae;Edaphobaculum	1.0	0.0	1.0	0.0	1.0	0.0	0.0	3.0
Bacteria;Pseudomonadati;Pseudomonadota;Gammaproteobacteria;Enterobacterales;Enterobacteriaceae;Atlantibacter	0.0	0.0	0.0	0.0	0.0	3.0	0.0	3.0
Bacteria;Bacillati;Cyanobacteriota;Cyanophyceae;Leptolyngbyales;Trichocoleusaceae;Trichocoleus	0.0	0.0	0.0	0.0	1.0	2.0	0.0	3.0
Bacteria;Pseudomonadati;Bacteroidota;Chitinophagia;Chitinophagales;Chitinophagaceae;Aurantisolimonas	0.0	0.0	2.0	0.0	1.0	0.0	0.0	3.0
Bacteria;Pseudomonadati;Acidobacteriota;Terriglobia;Terriglobales;Acidobacteriaceae;Pseudacidobacterium	0.0	0.0	0.0	1.0	2.0	0.0	0.0	3.0
Bacteria;Pseudomonadati;Bacteroidota;Chitinophagia;Chitinophagales;Chitinophagaceae;Flaviaesturariibacter	0.0	0.0	0.0	0.0	0.0	3.0	0.0	3.0
Bacteria;Pseudomonadati;Bacteroidota;Cytophagia;Cytophagales;Chryseotaleaceae;Chryseotalea	0.0	2.0	0.0	0.0	1.0	0.0	0.0	3.0
Bacteria;Bacillati;Actinomycetota;Actinomycetes;Mycobacteriales;Mycobacteriaceae;Mycobacterium	0.0	2.0	0.0	1.0	0.0	0.0	0.0	3.0
Bacteria;Bacillati;Actinomycetota;Actinomycetes;Micrococcales;Micrococcaceae;Paenarthrobacter	0.0	0.0	0.0	3.0	0.0	0.0	0.0	3.0
Bacteria;Bacillati;Actinomycetota;Actinomycetes;Micrococcales;Micrococcaceae;Pseudarthrobacter	0.0	0.0	2.0	0.0	1.0	0.0	0.0	3.0
Bacteria;Bacillati;Actinomycetota;Actinomycetes;Micromonosporales;Micromonosporaceae;Actinoplanes	0.0	1.0	2.0	0.0	0.0	0.0	0.0	3.0
Bacteria;Pseudomonadati;Bdellovibrionota;Oligoflexia;Silvanigrellales;Silvanigrellaceae;Fluviispira	0.0	0.0	0.0	1.0	1.0	1.0	0.0	3.0
Bacteria;Pseudomonadati;Pseudomonadota;Gammaproteobacteria;Lysobacterales;Lysobacteraceae;Agrilutibacter	3.0	0.0	0.0	0.0	0.0	0.0	0.0	3.0
Bacteria;Pseudomonadati;Myxococcota;Myxococcia;Myxococcales;Myxococcaceae;Pyxidicoccus	0.0	0.0	0.0	0.0	0.0	3.0	0.0	3.0
Bacteria;Pseudomonadati;Pseudomonadota;Gammaproteobacteria;Chromatiales;Sedimenticolaceae;Thiolapillus	0.0	0.0	2.0	0.0	1.0	0.0	0.0	3.0
Bacteria;Pseudomonadati;Pseudomonadota;Betaproteobacteria;Burkholderiales;Burkholderiaceae;Robbsia	0.0	1.0	0.0	0.0	1.0	1.0	0.0	3.0
Bacteria;Pseudomonadati;Bacteroidota;Cytophagia;Cytophagales;Hymenobacteraceae;Hymenobacter	0.0	0.0	0.0	1.0	1.0	1.0	0.0	3.0
Bacteria;Pseudomonadati;Pseudomonadota;Betaproteobacteria;Rhodocyclales;Zoogloeaceae;Zoogloea	3.0	0.0	0.0	0.0	0.0	0.0	0.0	3.0
Bacteria;Bacillati;Cyanobacteriota;Cyanophyceae;Nostocales;Nostocaceae;Cylindrospermum	0.0	0.0	0.0	1.0	0.0	2.0	0.0	3.0
Bacteria;Pseudomonadati;Planctomycetota;Planctomycetia;Planctomycetales;Planctomycetaceae;Maioricimonas	1.0	0.0	1.0	0.0	1.0	0.0	0.0	3.0
Bacteria;Bacillati;Bacillota;Bacilli;Bacillales;Sporolactobacillaceae;Tuberibacillus	0.0	0.0	0.0	3.0	0.0	0.0	0.0	3.0
Bacteria;Pseudomonadati;Pseudomonadota;Gammaproteobacteria;Enterobacterales;Pectobacteriaceae;Pectobacterium	0.0	0.0	0.0	0.0	0.0	0.0	3.0	3.0
Bacteria;Pseudomonadati;Pseudomonadota;Betaproteobacteria;Nitrosomonadales;Methylophilaceae;Methylophilus	0.0	1.0	0.0	0.0	2.0	0.0	0.0	3.0
Bacteria;Bacillati;Cyanobacteriota;Cyanophyceae;Oscillatoriales;Oscillatoriaceae;Oscillatoria	0.0	0.0	0.0	0.0	0.0	3.0	0.0	3.0
Bacteria;Pseudomonadati;Myxococcota;Myxococcota_Incertae_sedis;Nannocystales;Nannocystaceae;Pseudenhygromyxa	3.0	0.0	0.0	0.0	0.0	0.0	0.0	3.0
Bacteria;Pseudomonadati;Pseudomonadota;Gammaproteobacteria;Cellvibrionales;Halieaceae;Kineobactrum	2.0	0.0	0.0	0.0	1.0	0.0	0.0	3.0
Bacteria;Bacillati;Cyanobacteriota;Cyanophyceae;Nostocales;Nostocaceae;Atlanticothrix	0.0	0.0	0.0	0.0	0.0	3.0	0.0	3.0
Bacteria;Pseudomonadati;Pseudomonadota;Betaproteobacteria;Burkholderiales;Alcaligenaceae;Achromobacter	1.0	1.0	0.0	0.0	1.0	0.0	0.0	3.0
Bacteria;Pseudomonadati;Pseudomonadota;Alphaproteobacteria;Rickettsiales;Rickettsiaceae;Rickettsia	2.0	0.0	1.0	0.0	0.0	0.0	0.0	3.0
Bacteria;Pseudomonadati;Pseudomonadota;Alphaproteobacteria;Rhodospirillales;Rhodospirillaceae;Telmatospirillum	1.0	0.0	0.0	2.0	0.0	0.0	0.0	3.0
Bacteria;Bacillati;Bacillota;Bacilli;Bacillales;Alicyclobacillaceae;Alicyclobacillus	0.0	0.0	0.0	1.0	1.0	1.0	0.0	3.0
Bacteria;Pseudomonadati;Pseudomonadota;Alphaproteobacteria;Hyphomonadales;Hyphomonadaceae;Vitreimonas	0.0	2.0	1.0	0.0	0.0	0.0	0.0	3.0
Bacteria;Pseudomonadati;Pseudomonadota;Alphaproteobacteria;Hyphomicrobiales;Kaistiaceae;Prosthecomicrobium	0.0	0.0	1.0	1.0	0.0	1.0	0.0	3.0
Bacteria;Bacillati;Bacillota;Bacilli;Bacillales;Bacillaceae;Alkalihalophilus	0.0	0.0	0.0	1.0	0.0	2.0	0.0	3.0
Bacteria;Bacillati;Bacillota;Bacilli;Bacillales;Bacillaceae;Domibacillus	0.0	0.0	2.0	0.0	0.0	1.0	0.0	3.0
Bacteria;Pseudomonadati;Pseudomonadota;Gammaproteobacteria;Oceanospirillales;Oceanospirillaceae;Marinobacterium	2.0	0.0	0.0	0.0	1.0	0.0	0.0	3.0
Bacteria;Pseudomonadati;Pseudomonadota;Gammaproteobacteria;Woeseiales;Woeseiaceae;Woeseia	1.0	1.0	1.0	0.0	0.0	0.0	0.0	3.0
Bacteria;Pseudomonadati;Pseudomonadota;Gammaproteobacteria;Oceanospirillales;Oceanospirillaceae;Marinospirillum	0.0	0.0	0.0	0.0	1.0	2.0	0.0	3.0
Bacteria;Pseudomonadati;Pseudomonadota;Gammaproteobacteria;Oceanospirillales;Oceanospirillaceae;Oceanospirillum	0.0	0.0	0.0	0.0	0.0	3.0	0.0	3.0
Bacteria;Pseudomonadati;Pseudomonadota;Gammaproteobacteria;Nevskiales;Nevskiaceae;Nevskia	1.0	1.0	1.0	0.0	0.0	0.0	0.0	3.0
Bacteria;Pseudomonadati;Pseudomonadota;Alphaproteobacteria;Hyphomicrobiales;Rhizobiaceae;Ensifer	0.0	0.0	1.0	1.0	1.0	0.0	0.0	3.0
Bacteria;Pseudomonadati;Pseudomonadota;Alphaproteobacteria;Hyphomicrobiales;Rhizobiaceae;Gellertiella	0.0	0.0	0.0	1.0	1.0	1.0	0.0	3.0
Bacteria;Pseudomonadati;Pseudomonadota;Alphaproteobacteria;Hyphomicrobiales;Rhizobiaceae;Shinella	0.0	0.0	1.0	0.0	1.0	1.0	0.0	3.0
Bacteria;Bacillati;Actinomycetota;Thermoleophilia;Solirubrobacterales;Paraconexibacteraceae;Paraconexibacter	0.0	1.0	2.0	0.0	0.0	0.0	0.0	3.0
Bacteria;Bacillati;Actinomycetota;Actinomycetes;Kineosporiales;Kineosporiaceae;Angustibacter	0.0	2.0	0.0	0.0	0.0	0.0	0.0	2.0
Bacteria;Bacillati;Actinomycetota;Actinomycetes;Frankiales;Frankiaceae;Pseudofrankia	0.0	0.0	1.0	0.0	1.0	0.0	0.0	2.0
Bacteria;Bacillati;Actinomycetota;Actinomycetes;Streptosporangiales;Thermomonosporaceae;Actinoallomurus	0.0	1.0	0.0	1.0	0.0	0.0	0.0	2.0
Bacteria;Pseudomonadati;Pseudomonadota;Gammaproteobacteria;Nevskiales;Nevskiaceae;Stenotrophobium	0.0	0.0	1.0	0.0	1.0	0.0	0.0	2.0
Bacteria;Pseudomonadati;Verrucomicrobiota;Opitutia;Opitutales;Alterococcaceae;Alterococcus	1.0	0.0	1.0	0.0	0.0	0.0	0.0	2.0
Bacteria;Pseudomonadati;Thermodesulfobacteriota;Desulfuromonadia;Geobacterales;Geobacteraceae;Geobacter	0.0	0.0	2.0	0.0	0.0	0.0	0.0	2.0
Bacteria;Bacillati;Bacillota;Bacilli;Bacillales;Bacillaceae;Alkalicoccobacillus	0.0	0.0	2.0	0.0	0.0	0.0	0.0	2.0
Bacteria;Bacillati;Bacillota;Bacilli;Bacillales;Bacillaceae;Alkalihalobacillus	0.0	0.0	0.0	2.0	0.0	0.0	0.0	2.0
Bacteria;Pseudomonadati;Pseudomonadota;Alphaproteobacteria;Hyphomicrobiales;Rhizobiaceae;Sinorhizobium	0.0	0.0	0.0	0.0	1.0	1.0	0.0	2.0
Bacteria;Pseudomonadati;Pseudomonadota;Alphaproteobacteria;Hyphomicrobiales;Ancalomicrobiaceae;Siculibacillus	0.0	0.0	0.0	1.0	0.0	1.0	0.0	2.0
Bacteria;Pseudomonadati;Pseudomonadota;Alphaproteobacteria;Hyphomicrobiales;Hyphomicrobiales_Incertae_sedis;Enhydrobacter	0.0	1.0	1.0	0.0	0.0	0.0	0.0	2.0
Bacteria;Pseudomonadati;Pseudomonadota;Alphaproteobacteria;Caulobacterales;Caulobacteraceae;Terricaulis	2.0	0.0	0.0	0.0	0.0	0.0	0.0	2.0
Bacteria;Pseudomonadati;Pseudomonadota;Alphaproteobacteria;Acetobacterales;Roseomonadaceae;Falsiroseomonas	0.0	1.0	0.0	0.0	0.0	1.0	0.0	2.0
Bacteria;Pseudomonadati;Pseudomonadota;Alphaproteobacteria;Rhodobacterales;Paracoccaceae;Tabrizicola	0.0	0.0	0.0	0.0	2.0	0.0	0.0	2.0
Bacteria;Pseudomonadati;Pseudomonadota;Alphaproteobacteria;Hyphomicrobiales;Devosiaceae;Paradevosia	0.0	1.0	0.0	0.0	1.0	0.0	0.0	2.0
Bacteria;Pseudomonadati;Pseudomonadota;Alphaproteobacteria;Hyphomicrobiales;Chelatococcaceae;Chelatococcus	0.0	1.0	0.0	1.0	0.0	0.0	0.0	2.0
Bacteria;Pseudomonadati;Pseudomonadota;Alphaproteobacteria;Hyphomicrobiales;Methylobacteriaceae;Methylorubrum	0.0	1.0	0.0	0.0	1.0	0.0	0.0	2.0
Bacteria;Pseudomonadati;Pseudomonadota;Alphaproteobacteria;Acetobacterales;Acetobacteraceae;Paeniroseomonas	0.0	0.0	0.0	0.0	1.0	1.0	0.0	2.0
Bacteria;Pseudomonadati;Pseudomonadota;Alphaproteobacteria;Rhodospirillales;Rhodospirillaceae;Lacibacterium	0.0	0.0	0.0	1.0	0.0	1.0	0.0	2.0
Bacteria;Pseudomonadati;Pseudomonadota;Alphaproteobacteria;Rhodospirillales;Rhodospirillaceae;Magnetospirillum	0.0	0.0	0.0	2.0	0.0	0.0	0.0	2.0
Bacteria;Pseudomonadati;Pseudomonadota;Alphaproteobacteria;Rhodospirillales;Novispirillaceae;Haematospirillum	1.0	0.0	0.0	0.0	0.0	1.0	0.0	2.0
Bacteria;Pseudomonadati;Pseudomonadota;Alphaproteobacteria;Rhodospirillales;Azospirillaceae;Oleisolibacter	0.0	0.0	0.0	2.0	0.0	0.0	0.0	2.0
Bacteria;Bacillati;Bacillota;Bacilli;Bacillales;Bacillaceae;Shouchella	0.0	1.0	0.0	0.0	0.0	1.0	0.0	2.0
Bacteria;Bacillati;Bacillota;Bacilli;Bacillales;Bacillaceae;Siminovitchia	0.0	0.0	0.0	2.0	0.0	0.0	0.0	2.0
Bacteria;Bacillati;Bacillota;Bacilli;Bacillales;Caryophanaceae;Viridibacillus	0.0	1.0	0.0	0.0	1.0	0.0	0.0	2.0
Bacteria;Pseudomonadati;Pseudomonadota;Alphaproteobacteria;Sphingomonadales;Erythrobacteraceae;Alteraurantiacibacter	0.0	0.0	1.0	0.0	1.0	0.0	0.0	2.0
Bacteria;Pseudomonadati;Planctomycetota;Planctomycetia;Gemmatales;Gemmataceae;Telmatocola	0.0	0.0	0.0	1.0	0.0	1.0	0.0	2.0
Bacteria;Pseudomonadati;Pseudomonadota;Betaproteobacteria;Burkholderiales;Burkholderiaceae;Paucimonas	0.0	0.0	0.0	1.0	0.0	1.0	0.0	2.0
Bacteria;Pseudomonadati;Myxococcota;Myxococcia;Myxococcales;Myxococcales_Incertae_sedis;Enhygromyxa	0.0	0.0	0.0	0.0	2.0	0.0	0.0	2.0
Bacteria;Bacillati;Bacillota;Bacilli;Bacillales;Caryophanaceae;Filibacter	0.0	0.0	0.0	0.0	0.0	2.0	0.0	2.0
Bacteria;Bacillati;Actinomycetota;Actinomycetes;Micromonosporales;Micromonosporaceae;Micromonospora	0.0	0.0	1.0	0.0	0.0	1.0	0.0	2.0
Bacteria;Bacillati;Actinomycetota;Actinomycetes;Micromonosporales;Micromonosporaceae;Paractinoplanes	0.0	1.0	1.0	0.0	0.0	0.0	0.0	2.0
Bacteria;Bacillati;Actinomycetota;Actinomycetes;Propionibacteriales;Nocardioidaceae;Friedmanniella	0.0	0.0	0.0	0.0	2.0	0.0	0.0	2.0
Bacteria;Bacillati;Actinomycetota;Actinomycetes;Nakamurellales;Nakamurellaceae;Nakamurella	0.0	0.0	2.0	0.0	0.0	0.0	0.0	2.0
Bacteria;Pseudomonadati;Pseudomonadota;Betaproteobacteria;Burkholderiales;Burkholderiales_Incertae_sedis;Piscinibacterium	0.0	0.0	1.0	0.0	0.0	1.0	0.0	2.0
Bacteria;Bacillati;Actinomycetota;Actinomycetes;Micrococcales;Micrococcaceae;Sinomonas	0.0	0.0	0.0	2.0	0.0	0.0	0.0	2.0
Bacteria;Pseudomonadati;Bdellovibrionota;Bdellovibrionia;Bdellovibrionales;Pseudobdellovibrionaceae;Bdellovibrio	0.0	0.0	0.0	2.0	0.0	0.0	0.0	2.0
Bacteria;Pseudomonadati;Bacteroidota;Saprospiria;Saprospirales;Lewinellaceae;Lewinella	2.0	0.0	0.0	0.0	0.0	0.0	0.0	2.0
Bacteria;Pseudomonadati;Planctomycetota;Planctomycetia;Planctomycetales;Planctomycetaceae;Symmachiella	1.0	0.0	0.0	0.0	0.0	1.0	0.0	2.0
Bacteria;Pseudomonadati;Pseudomonadota;Alphaproteobacteria;Acetobacterales;Acetobacteraceae;Novacetimonas	0.0	0.0	0.0	2.0	0.0	0.0	0.0	2.0
Bacteria;Pseudomonadati;Pseudomonadota;Alphaproteobacteria;Acetobacterales;Acetobacteraceae;Plastoroseomonas	1.0	0.0	0.0	0.0	0.0	1.0	0.0	2.0
Bacteria;Pseudomonadati;Planctomycetota;Planctomycetia;Pirellulales;Lacipirellulaceae;Botrimarina	0.0	0.0	2.0	0.0	0.0	0.0	0.0	2.0
Bacteria;Pseudomonadati;Pseudomonadota;Alphaproteobacteria;Sphingomonadales;Sphingomonadaceae;Rhizorhabdus	0.0	2.0	0.0	0.0	0.0	0.0	0.0	2.0
Bacteria;Pseudomonadati;Planctomycetota;Planctomycetia;Gemmatales;Gemmataceae;Tuwongella	1.0	0.0	0.0	1.0	0.0	0.0	0.0	2.0
Bacteria;Bacillati;Cyanobacteriota;Cyanophyceae;Nostocales;Dapisostemonaceae;Dapisostemon	0.0	0.0	0.0	1.0	0.0	1.0	0.0	2.0
Bacteria;Pseudomonadati;Pseudomonadota;Betaproteobacteria;Nitrosomonadales;Sulfuricellaceae;Sulfuriferula	0.0	0.0	1.0	0.0	1.0	0.0	0.0	2.0
Bacteria;Pseudomonadati;Bacteroidota;Chitinophagia;Chitinophagales;Chitinophagaceae;Niabella	0.0	1.0	0.0	0.0	1.0	0.0	0.0	2.0
Bacteria;Pseudomonadati;Pseudomonadota;Betaproteobacteria;Ferrovales;Ferrovaceae;Ferrovum	1.0	0.0	1.0	0.0	0.0	0.0	0.0	2.0
Bacteria;Pseudomonadati;Bacteroidota;Chitinophagia;Chitinophagales;Chitinophagaceae;Mucibacter	0.0	0.0	0.0	0.0	2.0	0.0	0.0	2.0
Bacteria;Pseudomonadati;Bacteroidota;Cytophagia;Cytophagales;Cytophagaceae;Cytophaga	1.0	1.0	0.0	0.0	0.0	0.0	0.0	2.0
Bacteria;Pseudomonadati;Bacteroidota;Cytophagia;Cytophagales;Chryseotaleaceae;Chryseosolibacter	1.0	0.0	0.0	0.0	1.0	0.0	0.0	2.0
Bacteria;Pseudomonadati;Pseudomonadota;Betaproteobacteria;Burkholderiales;Oxalobacteraceae;Janthinobacterium	0.0	0.0	0.0	0.0	0.0	2.0	0.0	2.0
Bacteria;Pseudomonadati;Pseudomonadota;Betaproteobacteria;Burkholderiales;Oxalobacteraceae;Actimicrobium	1.0	0.0	0.0	0.0	1.0	0.0	0.0	2.0
Bacteria;Pseudomonadati;Pseudomonadota;Betaproteobacteria;Burkholderiales;Comamonadaceae;Pseudorhodoferax	0.0	0.0	0.0	0.0	1.0	1.0	0.0	2.0
Bacteria;Bacillati;Cyanobacteriota;Cyanophyceae;Nodosilineales;Nodosilineaceae;Nodosilinea	0.0	0.0	0.0	0.0	1.0	1.0	0.0	2.0
Bacteria;Pseudomonadati;Pseudomonadota;Gammaproteobacteria;Enterobacterales;Enterobacteriaceae;Buttiauxella	0.0	0.0	2.0	0.0	0.0	0.0	0.0	2.0
Bacteria;Pseudomonadati;Pseudomonadota;Gammaproteobacteria;Enterobacterales;Enterobacteriaceae;Kosakonia	0.0	0.0	0.0	0.0	0.0	2.0	0.0	2.0
Bacteria;Bacillati;Cyanobacteriota;Cyanophyceae;Chroococcales;Chroococcaceae;Chalicogloea	0.0	0.0	0.0	0.0	0.0	2.0	0.0	2.0
Bacteria;Bacillati;Bacillota;Clostridia;Eubacteriales;Symbiobacteriaceae;Symbiobacterium	0.0	1.0	1.0	0.0	0.0	0.0	0.0	2.0
Bacteria;Bacillati;Bacillota;Clostridia;Lachnospirales;Lachnospiraceae;Tyzzerella	1.0	0.0	0.0	0.0	0.0	1.0	0.0	2.0
Bacteria;Pseudomonadati;Pseudomonadota;Gammaproteobacteria;Lysobacterales;Lysobacteraceae;Chujaibacter	2.0	0.0	0.0	0.0	0.0	0.0	0.0	2.0
Bacteria;Bacillati;Bacillota;Clostridia;Peptostreptococcales;Peptostreptococcaceae;Paraclostridium	1.0	0.0	1.0	0.0	0.0	0.0	0.0	2.0
Bacteria;Pseudomonadati;Verrucomicrobiota;Opitutia;Opitutales;Opitutaceae;Lacunisphaera	0.0	0.0	2.0	0.0	0.0	0.0	0.0	2.0
Bacteria;Pseudomonadati;Pseudomonadota;Betaproteobacteria;Rhodocyclales;Rhodocyclaceae;Pelocola	0.0	0.0	0.0	0.0	1.0	1.0	0.0	2.0
Bacteria;Bacillati;Cyanobacteriota;Cyanophyceae;Leptolyngbyales;Leptolyngbyaceae;Chroakolemma	0.0	0.0	0.0	0.0	1.0	1.0	0.0	2.0
Bacteria;Bacillati;Cyanobacteriota;Cyanophyceae;Coleofasciculales;Coleofasciculaceae;Crassifilum	0.0	0.0	0.0	0.0	0.0	2.0	0.0	2.0
Bacteria;Pseudomonadati;Pseudomonadota;Betaproteobacteria;Rhodocyclales;Zoogloeaceae;Thauera	0.0	0.0	0.0	0.0	0.0	2.0	0.0	2.0
Bacteria;Pseudomonadati;Pseudomonadota;Betaproteobacteria;Rhodocyclales;Zoogloeaceae;Nitrogeniibacter	1.0	0.0	0.0	0.0	1.0	0.0	0.0	2.0
Bacteria;Pseudomonadati;Pseudomonadota;Betaproteobacteria;Rhodocyclales;Rhodocyclaceae;Azovibrio	0.0	0.0	0.0	0.0	0.0	2.0	0.0	2.0
Bacteria;Pseudomonadati;Pseudomonadota;Gammaproteobacteria;Chromatiales;Ectothiorhodospiraceae;Ectothiorhodosinus	1.0	0.0	1.0	0.0	0.0	0.0	0.0	2.0
Bacteria;Bacillati;Cyanobacteriota;Cyanophyceae;Nostocales;Tolypothrichaceae;Hassallia	0.0	0.0	0.0	0.0	1.0	1.0	0.0	2.0
Bacteria;Bacillati;Cyanobacteriota;Cyanophyceae;Oculatellales;Oculatellaceae;Shackletoniella	0.0	0.0	0.0	0.0	1.0	1.0	0.0	2.0
Bacteria;Bacillati;Cyanobacteriota;Cyanophyceae;Oculatellales;Oculatellaceae;Thermoleptolyngbya	0.0	0.0	0.0	0.0	0.0	2.0	0.0	2.0
Bacteria;Pseudomonadati;Pseudomonadota;Betaproteobacteria;Neisseriales;Chitinibacteraceae;Andreprevotia	2.0	0.0	0.0	0.0	0.0	0.0	0.0	2.0
Bacteria;Pseudomonadati;Pseudomonadota;Betaproteobacteria;Nitrosomonadales;Methylophilaceae;Methylotenera	1.0	0.0	0.0	0.0	1.0	0.0	0.0	2.0
Bacteria;Bacillati;Cyanobacteriota;Cyanophyceae;Nostocales;Nostocaceae;Dendronalium	0.0	0.0	0.0	0.0	0.0	2.0	0.0	2.0
Bacteria;Bacillati;Bacillota;Clostridia;Eubacteriales;Oscillospiraceae;Ruminiclostridium	0.0	0.0	0.0	2.0	0.0	0.0	0.0	2.0
Bacteria;Bacillati;Bacillota;Clostridia;Eubacteriales;Oscillospiraceae;Anaerobacterium	0.0	0.0	0.0	2.0	0.0	0.0	0.0	2.0
Bacteria;Bacillati;Bacillota;Negativicutes;Selenomonadales;Sporomusaceae;Propionispora	0.0	1.0	0.0	1.0	0.0	0.0	0.0	2.0
Bacteria;Pseudomonadati;Verrucomicrobiota;Verrucomicrobiia;Verrucomicrobiales;Verrucomicrobiaceae;Luteolibacter	1.0	0.0	1.0	0.0	0.0	0.0	0.0	2.0
Bacteria;Bacillati;Actinomycetota;Acidimicrobiia;Acidimicrobiales;Iamiaceae;Iamia	1.0	0.0	0.0	0.0	1.0	0.0	0.0	2.0
Bacteria;Pseudomonadati;Pseudomonadota;Alphaproteobacteria;Hyphomicrobiales;Pleomorphomonadaceae;Hartmannibacter	1.0	0.0	0.0	0.0	0.0	0.0	0.0	1.0
Bacteria;Pseudomonadati;Pseudomonadota;Gammaproteobacteria;Nevskiales;Nevskiaceae;Solimonas	0.0	0.0	1.0	0.0	0.0	0.0	0.0	1.0
Bacteria;Pseudomonadati;Pseudomonadota;Gammaproteobacteria;Pseudomonadales;Pseudomonadaceae;Halopseudomonas	0.0	0.0	1.0	0.0	0.0	0.0	0.0	1.0
Bacteria;Pseudomonadati;Pseudomonadota;Gammaproteobacteria;Nevskiales;Nevskiaceae;Polycyclovorans	0.0	0.0	0.0	1.0	0.0	0.0	0.0	1.0
Bacteria;Pseudomonadati;Pseudomonadota;Gammaproteobacteria;Thiotrichales;Thiotrichaceae;Beggiatoa	0.0	0.0	1.0	0.0	0.0	0.0	0.0	1.0
Bacteria;Pseudomonadati;Pseudomonadota;Alphaproteobacteria;Hyphomicrobiales;Amorphaceae;Acuticoccus	0.0	0.0	0.0	0.0	0.0	1.0	0.0	1.0
Bacteria;Pseudomonadati;Pseudomonadota;Alphaproteobacteria;Acetobacterales;Roseomonadaceae;Crenalkalicoccus	0.0	0.0	0.0	0.0	1.0	0.0	0.0	1.0
Bacteria;Pseudomonadati;Pseudomonadota;Alphaproteobacteria;Rhodobacterales;Paracoccaceae;Fertoeibacter	0.0	0.0	1.0	0.0	0.0	0.0	0.0	1.0
Bacteria;Pseudomonadati;Pseudomonadota;Alphaproteobacteria;Rhodobacterales;Paracoccaceae;Paracoccus	1.0	0.0	0.0	0.0	0.0	0.0	0.0	1.0
Bacteria;Pseudomonadati;Pseudomonadota;Alphaproteobacteria;Parvularculales;Parvularculaceae;Hyphococcus	0.0	0.0	0.0	0.0	1.0	0.0	0.0	1.0
Bacteria;Pseudomonadati;Pseudomonadota;Alphaproteobacteria;Hyphomicrobiales;Salinarimonadaceae;Saliniramus	0.0	0.0	0.0	1.0	0.0	0.0	0.0	1.0
Bacteria;Pseudomonadati;Pseudomonadota;Alphaproteobacteria;Hyphomicrobiales;Stappiaceae;Hongsoonwoonella	0.0	0.0	0.0	0.0	1.0	0.0	0.0	1.0
Bacteria;Pseudomonadati;Pseudomonadota;Alphaproteobacteria;Micropepsales;Micropepsaceae;Micropepsis	1.0	0.0	0.0	0.0	0.0	0.0	0.0	1.0
Bacteria;Bacillati;Bacillota;Bacilli;Bacillales;Bacillaceae;Gracilibacillus	0.0	0.0	0.0	0.0	0.0	1.0	0.0	1.0
Bacteria;Pseudomonadati;Pseudomonadota;Alphaproteobacteria;Hyphomicrobiales;Beijerinckiaceae;Methyloferula	0.0	0.0	0.0	1.0	0.0	0.0	0.0	1.0
Bacteria;Pseudomonadati;Pseudomonadota;Alphaproteobacteria;Hyphomicrobiales;Salinarimonadaceae;Salinarimonas	0.0	0.0	1.0	0.0	0.0	0.0	0.0	1.0
Bacteria;Pseudomonadati;Pseudomonadota;Alphaproteobacteria;Hyphomicrobiales;Rhizobiaceae;Aliirhizobium	0.0	0.0	1.0	0.0	0.0	0.0	0.0	1.0
Bacteria;Pseudomonadati;Pseudomonadota;Alphaproteobacteria;Hyphomicrobiales;Phyllobacteriaceae;Nitratireductor	0.0	0.0	0.0	1.0	0.0	0.0	0.0	1.0
Bacteria;Pseudomonadati;Pseudomonadota;Alphaproteobacteria;Hyphomicrobiales;Beijerinckiaceae;Methylovirgula	0.0	0.0	0.0	1.0	0.0	0.0	0.0	1.0
Bacteria;Pseudomonadati;Pseudomonadota;Alphaproteobacteria;Hyphomicrobiales;Hyphomicrobiaceae;Methyloligella	0.0	0.0	0.0	0.0	1.0	0.0	0.0	1.0
Bacteria;Pseudomonadati;Pseudomonadota;Alphaproteobacteria;Hyphomicrobiales;Devosiaceae;Pelagibacterium	0.0	0.0	1.0	0.0	0.0	0.0	0.0	1.0
Bacteria;Pseudomonadati;Pseudomonadota;Alphaproteobacteria;Hyphomicrobiales;Parvibaculaceae;Parvibaculum	0.0	1.0	0.0	0.0	0.0	0.0	0.0	1.0
Bacteria;Pseudomonadati;Pseudomonadota;Alphaproteobacteria;Hyphomicrobiales;Phyllobacteriaceae;Aminobacter	0.0	0.0	0.0	1.0	0.0	0.0	0.0	1.0
Bacteria;Pseudomonadati;Pseudomonadota;Alphaproteobacteria;Hyphomicrobiales;Rhizobiaceae;Endobacterium	0.0	0.0	0.0	0.0	0.0	1.0	0.0	1.0
Bacteria;Pseudomonadati;Pseudomonadota;Alphaproteobacteria;Hyphomicrobiales;Rhizobiaceae;Pseudorhizobium	0.0	0.0	0.0	0.0	0.0	1.0	0.0	1.0
Bacteria;Pseudomonadati;Pseudomonadota;Alphaproteobacteria;Hyphomicrobiales;Rhizobiaceae;Allorhizobium	1.0	0.0	0.0	0.0	0.0	0.0	0.0	1.0
Bacteria;Bacillati;Actinomycetota;Actinomycetes;Micrococcales;Microbacteriaceae;Salinibacterium	0.0	1.0	0.0	0.0	0.0	0.0	0.0	1.0
Bacteria;Pseudomonadati;Pseudomonadota;Alphaproteobacteria;Hyphomicrobiales;Pleomorphomonadaceae;Chthonobacter	0.0	0.0	0.0	0.0	0.0	1.0	0.0	1.0
Bacteria;Pseudomonadati;Pseudomonadota;Alphaproteobacteria;Hyphomicrobiales;Pleomorphomonadaceae;Methylobrevis	0.0	0.0	0.0	0.0	1.0	0.0	0.0	1.0
Bacteria;Bacillati;Actinomycetota;Actinomycetes;Pseudonocardiales;Pseudonocardiaceae;Goodfellowiella	0.0	0.0	1.0	0.0	0.0	0.0	0.0	1.0
Bacteria;Bacillati;Actinomycetota;Actinomycetes;Pseudonocardiales;Pseudonocardiaceae;Amycolatopsis	0.0	1.0	0.0	0.0	0.0	0.0	0.0	1.0
Bacteria;Bacillati;Actinomycetota;Actinomycetes;Pseudonocardiales;Pseudonocardiaceae;Actinophytocola	0.0	1.0	0.0	0.0	0.0	0.0	0.0	1.0
Bacteria;Bacillati;Actinomycetota;Actinomycetes;Kineosporiales;Kineosporiaceae;Kineosporia	0.0	0.0	0.0	0.0	1.0	0.0	0.0	1.0
Bacteria;Bacillati;Actinomycetota;Actinomycetes;Micrococcales;Microbacteriaceae;Pseudolysinimonas	0.0	0.0	0.0	0.0	1.0	0.0	0.0	1.0
Bacteria;Bacillati;Actinomycetota;Actinomycetes;Geodermatophilales;Geodermatophilaceae;Geodermatophilus	0.0	0.0	0.0	1.0	0.0	0.0	0.0	1.0
Bacteria;Bacillati;Actinomycetota;Actinomycetes;Catenulisporales;Actinospicaceae;Actinocrinis	0.0	0.0	0.0	1.0	0.0	0.0	0.0	1.0
Bacteria;Bacillati;Actinomycetota;Actinomycetes;Frankiales;Frankiaceae;Parafrankia	0.0	0.0	1.0	0.0	0.0	0.0	0.0	1.0
Bacteria;Bacillati;Actinomycetota;Actinomycetes;Propionibacteriales;Nocardioidaceae;Aeromicrobium	0.0	0.0	0.0	0.0	1.0	0.0	0.0	1.0
Bacteria;Bacillati;Actinomycetota;Actinomycetes;Propionibacteriales;Kribbellaceae;Kribbella	0.0	0.0	1.0	0.0	0.0	0.0	0.0	1.0
Bacteria;Bacillati;Actinomycetota;Actinomycetes;Mycobacteriales;Nocardiaceae;Rhodococcus	0.0	1.0	0.0	0.0	0.0	0.0	0.0	1.0
Bacteria;Bacillati;Actinomycetota;Actinomycetes;Mycobacteriales;Nocardiaceae;Williamsia	0.0	0.0	0.0	0.0	1.0	0.0	0.0	1.0
Bacteria;Pseudomonadati;Bacteroidota;Sphingobacteriia;Sphingobacteriales;Sphingobacteriaceae;Solitalea	1.0	0.0	0.0	0.0	0.0	0.0	0.0	1.0
Bacteria;Pseudomonadati;Bacteroidota;Sphingobacteriia;Sphingobacteriales;Sphingobacteriaceae;Daejeonella	1.0	0.0	0.0	0.0	0.0	0.0	0.0	1.0
Bacteria;Pseudomonadati;Bdellovibrionota;Oligoflexia;Oligoflexales;Pseudobacteriovoracaceae;Pseudobacteriovorax	1.0	0.0	0.0	0.0	0.0	0.0	0.0	1.0
Bacteria;Pseudomonadati;Pseudomonadota;Betaproteobacteria;Burkholderiales;Burkholderiales_Incertae_sedis;Xylophilus	0.0	0.0	0.0	0.0	1.0	0.0	0.0	1.0
Bacteria;Pseudomonadati;Myxococcota;Myxococcia;Myxococcales;Myxococcaceae;Citreicoccus	0.0	0.0	1.0	0.0	0.0	0.0	0.0	1.0
Bacteria;Pseudomonadati;Pseudomonadota;Betaproteobacteria;Burkholderiales;Alcaligenaceae;Bordetella	0.0	0.0	0.0	0.0	1.0	0.0	0.0	1.0
Bacteria;Pseudomonadati;Pseudomonadota;Betaproteobacteria;Burkholderiales;Alcaligenaceae;Castellaniella	0.0	0.0	0.0	0.0	1.0	0.0	0.0	1.0
Bacteria;Pseudomonadati;Pseudomonadota;Betaproteobacteria;Burkholderiales;Burkholderiaceae;Chitinasiproducens	0.0	0.0	0.0	0.0	0.0	1.0	0.0	1.0
Bacteria;Pseudomonadati;Pseudomonadota;Betaproteobacteria;Burkholderiales;Burkholderiaceae;Ralstonia	0.0	0.0	0.0	0.0	0.0	1.0	0.0	1.0
Bacteria;Pseudomonadati;Bacteroidota;Cytophagia;Cytophagales;Fulvivirgaceae;Pseudochryseolinea	0.0	0.0	1.0	0.0	0.0	0.0	0.0	1.0
Bacteria;Pseudomonadati;Bacteroidota;Flavobacteriia;Flavobacteriales;Crocinitomicaceae;Fluviicola	0.0	0.0	0.0	0.0	1.0	0.0	0.0	1.0
Bacteria;Pseudomonadati;Bacteroidota;Saprospiria;Saprospirales;Haliscomenobacteraceae;Haliscomenobacter	0.0	0.0	1.0	0.0	0.0	0.0	0.0	1.0
Bacteria;Bacillati;Bacillota;Bacilli;Bacillales;Bacillaceae;Tepidibacillus	0.0	0.0	0.0	0.0	0.0	1.0	0.0	1.0
Bacteria;Pseudomonadati;Myxococcota;Myxococcia;Myxococcales;Archangiaceae;Melittangium	0.0	0.0	0.0	0.0	1.0	0.0	0.0	1.0
Bacteria;Bacillati;Bacillota;Bacilli;Bacillales;Bacillaceae;Virgibacillus	0.0	0.0	0.0	1.0	0.0	0.0	0.0	1.0
Bacteria;Pseudomonadati;Pseudomonadota;Alphaproteobacteria;Acetobacterales;Acetobacteraceae;Neoasaia	0.0	0.0	0.0	0.0	0.0	1.0	0.0	1.0
Bacteria;Pseudomonadati;Pseudomonadota;Alphaproteobacteria;Rhodospirillales;Stellaceae;Constrictibacter	0.0	1.0	0.0	0.0	0.0	0.0	0.0	1.0
Bacteria;Pseudomonadati;Pseudomonadota;Alphaproteobacteria;Rhodospirillales;Magnetospirillaceae;Paramagnetospirillum	0.0	0.0	0.0	0.0	1.0	0.0	0.0	1.0
Bacteria;Pseudomonadati;Pseudomonadota;Alphaproteobacteria;Rhodospirillales;Rhodospirillaceae;Taonella	0.0	0.0	1.0	0.0	0.0	0.0	0.0	1.0
Bacteria;Pseudomonadati;Planctomycetota;Planctomycetia;Pirellulales;Thermoguttaceae;Thermogutta	0.0	0.0	1.0	0.0	0.0	0.0	0.0	1.0
Bacteria;Pseudomonadati;Pseudomonadota;Alphaproteobacteria;Sphingomonadales;Sphingomonadaceae;Parablastomonas	0.0	0.0	0.0	1.0	0.0	0.0	0.0	1.0
Bacteria;Pseudomonadati;Pseudomonadota;Alphaproteobacteria;Sphingomonadales;Sphingomonadaceae;Aquisediminimonas	0.0	0.0	1.0	0.0	0.0	0.0	0.0	1.0
Bacteria;Pseudomonadati;Pseudomonadota;Alphaproteobacteria;Sphingomonadales;Erythrobacteraceae;Qipengyuania	1.0	0.0	0.0	0.0	0.0	0.0	0.0	1.0
Bacteria;Pseudomonadati;Pseudomonadota;Alphaproteobacteria;Sphingomonadales;Erythrobacteraceae;Erythrobacter	0.0	1.0	0.0	0.0	0.0	0.0	0.0	1.0
Bacteria;Pseudomonadati;Pseudomonadota;Alphaproteobacteria;Sphingomonadales;Erythrobacteraceae;Croceibacterium	0.0	1.0	0.0	0.0	0.0	0.0	0.0	1.0
Bacteria;Pseudomonadati;Pseudomonadota;Alphaproteobacteria;Sphingomonadales;Sphingosinicellaceae;Glacieibacterium	0.0	0.0	0.0	0.0	1.0	0.0	0.0	1.0
Bacteria;Pseudomonadati;Pseudomonadota;Betaproteobacteria;Burkholderiales;Alcaligenaceae;Ampullimonas	0.0	0.0	0.0	0.0	1.0	0.0	0.0	1.0
Bacteria;Bacillati;Bacillota;Bacilli;Bacillales;Paenibacillaceae;Ammoniphilus	0.0	0.0	0.0	1.0	0.0	0.0	0.0	1.0
Bacteria;Pseudomonadati;Pseudomonadota;Alphaproteobacteria;Rhodospirillales;Rhodospirillaceae;Inquilinus	0.0	0.0	0.0	1.0	0.0	0.0	0.0	1.0
Bacteria;Pseudomonadati;Pseudomonadota;Alphaproteobacteria;Rhodospirillales;Rhodovibrionaceae;Fodinicurvata	1.0	0.0	0.0	0.0	0.0	0.0	0.0	1.0
Bacteria;Pseudomonadati;Planctomycetota;Planctomycetia;Pirellulales;Pirellulaceae;Bremerella	0.0	0.0	0.0	0.0	1.0	0.0	0.0	1.0
Bacteria;Pseudomonadati;Planctomycetota;Planctomycetia;Pirellulales;Pirellulaceae;Lignipirellula	1.0	0.0	0.0	0.0	0.0	0.0	0.0	1.0
Bacteria;Pseudomonadati;Pseudomonadota;Alphaproteobacteria;Acetobacterales;Acetobacteraceae;Craurococcus	0.0	0.0	0.0	0.0	1.0	0.0	0.0	1.0
Bacteria;Bacillati;Bacillota;Bacilli;Lactobacillales;Lactobacillaceae;Lactobacillus	0.0	1.0	0.0	0.0	0.0	0.0	0.0	1.0
Bacteria;Bacillati;Cyanobacteriota;Cyanophyceae;Nostocales;Stigonemataceae;Iphinoe	0.0	0.0	0.0	0.0	1.0	0.0	0.0	1.0
Bacteria;Bacillati;Cyanobacteriota;Cyanophyceae;Synechococcales;Synechococcales_Incertae_sedis;Altericista	0.0	0.0	0.0	0.0	0.0	1.0	0.0	1.0
Bacteria;Pseudomonadati;Pseudomonadota;Betaproteobacteria;Burkholderiales;Oxalobacteraceae;Unclassified_Oxalobacteraceae	0.0	0.0	0.0	0.0	0.0	1.0	0.0	1.0
Bacteria;Bacillati;Bacillota;Clostridia;Eubacteriales;Desulfitobacteriaceae;Desulfosporosinus	0.0	0.0	1.0	0.0	0.0	0.0	0.0	1.0
Bacteria;Bacillati;Bacillota;Clostridia;Eubacteriales;Clostridiaceae;Proteiniclasticum	0.0	1.0	0.0	0.0	0.0	0.0	0.0	1.0
Bacteria;Bacillati;Bacillota;Clostridia;Eubacteriales;Clostridiaceae;Oxobacter	0.0	0.0	0.0	1.0	0.0	0.0	0.0	1.0
Bacteria;Pseudomonadati;Bacteroidota;Chitinophagia;Chitinophagales;Chitinophagaceae;Nemorincola	0.0	0.0	0.0	0.0	1.0	0.0	0.0	1.0
Bacteria;Bacillati;Bacillota;Bacillota_Incertae_sedis;Bacillota_Incertae_sedis;Bacillota_Incertae_sedis;Capillibacterium	0.0	0.0	0.0	1.0	0.0	0.0	0.0	1.0
Bacteria;Pseudomonadati;Bacteroidota;Cytophagia;Cytophagales;Fulvivirgaceae;Ohtaekwangia	1.0	0.0	0.0	0.0	0.0	0.0	0.0	1.0
Bacteria;Pseudomonadati;Pseudomonadota;Betaproteobacteria;Nitrosomonadales;Gallionellaceae;Ferrigenium	0.0	1.0	0.0	0.0	0.0	0.0	0.0	1.0
Bacteria;Bacillati;Cyanobacteriota;Cyanophyceae;Nostocales;Nostocaceae;Aliinostoc	0.0	0.0	0.0	0.0	0.0	1.0	0.0	1.0
Bacteria;Bacillati;Cyanobacteriota;Cyanophyceae;Nostocales;Nostocaceae;Ahomia	0.0	0.0	0.0	0.0	0.0	1.0	0.0	1.0
Bacteria;Bacillati;Bacillota;Bacilli;Lactobacillales;Enterococcaceae;Enterococcus	0.0	1.0	0.0	0.0	0.0	0.0	0.0	1.0
Bacteria;Bacillati;Bacillota;Bacilli;Bacillales;Staphylococcaceae;Staphylococcus	1.0	0.0	0.0	0.0	0.0	0.0	0.0	1.0
Bacteria;Bacillati;Bacillota;Bacilli;Bacillales;Sporolactobacillaceae;Pullulanibacillus	0.0	0.0	0.0	0.0	0.0	1.0	0.0	1.0
Bacteria;Bacillati;Bacillota;Bacilli;Bacillales;Paenibacillaceae;Brevibacillus	0.0	0.0	0.0	0.0	0.0	1.0	0.0	1.0
Bacteria;Bacillati;Bacillota;Bacilli;Bacillales;Paenibacillaceae;Aneurinibacillus	0.0	0.0	0.0	1.0	0.0	0.0	0.0	1.0
Bacteria;Pseudomonadati;Bacteroidota;Chitinophagia;Chitinophagales;Chitinophagaceae;Agriterribacter	1.0	0.0	0.0	0.0	0.0	0.0	0.0	1.0
Bacteria;Pseudomonadati;Bacteroidota;Chitinophagia;Chitinophagales;Chitinophagaceae;Panacibacter	0.0	1.0	0.0	0.0	0.0	0.0	0.0	1.0
Bacteria;Pseudomonadati;Pseudomonadota;Betaproteobacteria;Burkholderiales;Oxalobacteraceae;Collimonas	0.0	0.0	0.0	1.0	0.0	0.0	0.0	1.0
Bacteria;Pseudomonadati;Pseudomonadota;Betaproteobacteria;Burkholderiales;Comamonadaceae;Comamonas	0.0	0.0	0.0	0.0	1.0	0.0	0.0	1.0
Bacteria;Pseudomonadati;Bacteroidota;Chitinophagia;Chitinophagales;Chitinophagaceae;Pseudobacter	0.0	0.0	0.0	0.0	0.0	1.0	0.0	1.0
Bacteria;Pseudomonadati;Bacteroidota;Chitinophagia;Chitinophagales;Chitinophagaceae;Sediminibacterium	0.0	0.0	0.0	0.0	0.0	1.0	0.0	1.0
Bacteria;Pseudomonadati;Bacteroidota;Chitinophagia;Chitinophagales;Chitinophagaceae;Pseudoflavitalea	0.0	0.0	1.0	0.0	0.0	0.0	0.0	1.0
Bacteria;Pseudomonadati;Pseudomonadota;Betaproteobacteria;Burkholderiales;Comamonadaceae;Curvibacter	0.0	0.0	1.0	0.0	0.0	0.0	0.0	1.0
Bacteria;Bacillati;Actinomycetota;Actinomycetes;Propionibacteriales;Nocardioidaceae;Marmoricola	0.0	1.0	0.0	0.0	0.0	0.0	0.0	1.0
Bacteria;Bacillati;Cyanobacteriota;Cyanophyceae;Leptolyngbyales;Leptolyngbyaceae;Leptothermofonsia	0.0	0.0	0.0	0.0	0.0	1.0	0.0	1.0
Bacteria;Bacillati;Cyanobacteriota;Cyanophyceae;Leptolyngbyales;Leptolyngbyaceae;Kovacikia	0.0	0.0	0.0	0.0	0.0	1.0	0.0	1.0
Bacteria;Bacillati;Cyanobacteriota;Cyanophyceae;Leptolyngbyales;Leptolyngbyaceae;Alkalinema	0.0	0.0	0.0	0.0	0.0	1.0	0.0	1.0
Bacteria;Pseudomonadati;Pseudomonadota;Gammaproteobacteria;Cellvibrionales;Halieaceae;Chromatocurvus	1.0	0.0	0.0	0.0	0.0	0.0	0.0	1.0
Bacteria;Pseudomonadati;Pseudomonadota;Gammaproteobacteria;Cellvibrionales;Porticoccaceae;Porticoccus	0.0	0.0	0.0	0.0	1.0	0.0	0.0	1.0
Bacteria;Bacillati;Cyanobacteriota;Cyanophyceae;Nostocales;Nostocaceae;Halotia	0.0	0.0	0.0	0.0	1.0	0.0	0.0	1.0
Bacteria;Bacillati;Cyanobacteriota;Cyanophyceae;Nostocales;Nostocaceae;Desmonostoc	0.0	0.0	0.0	0.0	0.0	1.0	0.0	1.0
Bacteria;Pseudomonadati;Pseudomonadota;Gammaproteobacteria;Acidiferrobacterales;Acidiferrobacteraceae;Sulfuricaulis	0.0	0.0	1.0	0.0	0.0	0.0	0.0	1.0
Bacteria;Bacillati;Cyanobacteriota;Cyanophyceae;Nostocales;Nostocaceae;Pseudoaliinostoc	0.0	0.0	0.0	0.0	0.0	1.0	0.0	1.0
Bacteria;Pseudomonadati;Pseudomonadota;Betaproteobacteria;Neisseriales;Aquaspirillaceae;Aquaspirillum	1.0	0.0	0.0	0.0	0.0	0.0	0.0	1.0
Bacteria;Bacillati;Cyanobacteriota;Cyanophyceae;Oscillatoriales;Microcoleaceae;Symplocastrum	0.0	0.0	0.0	0.0	1.0	0.0	0.0	1.0
Bacteria;Pseudomonadati;Pseudomonadota;Betaproteobacteria;Nitrosomonadales;Nitrosomonadaceae;Nitrosomonas	0.0	1.0	0.0	0.0	0.0	0.0	0.0	1.0
Bacteria;Pseudomonadati;Pseudomonadota;Betaproteobacteria;Nitrosomonadales;Thiobacillaceae;Thiobacillus	0.0	0.0	0.0	0.0	1.0	0.0	0.0	1.0
Bacteria;Pseudomonadati;Pseudomonadota;Betaproteobacteria;Nitrosomonadales;Sulfuricellaceae;Sulfurirhabdus	1.0	0.0	0.0	0.0	0.0	0.0	0.0	1.0
Bacteria;Pseudomonadati;Pseudomonadota;Gammaproteobacteria;Enterobacterales;Enterobacteriaceae;Scandinavium	1.0	0.0	0.0	0.0	0.0	0.0	0.0	1.0
Bacteria;Bacillati;Cyanobacteriota;Cyanophyceae;Leptolyngbyales;Leptolyngbyaceae;Pantanalinema	0.0	0.0	0.0	0.0	0.0	1.0	0.0	1.0
Bacteria;Bacillati;Cyanobacteriota;Cyanophyceae;Chroococcales;Aphanothecaceae;Gloeothece	0.0	0.0	0.0	0.0	0.0	1.0	0.0	1.0
Bacteria;Bacillati;Chloroflexota;Ktedonobacteria;Ktedonobacterales;Thermosporotrichaceae;Thermosporothrix	0.0	0.0	0.0	1.0	0.0	0.0	0.0	1.0
Bacteria;Bacillati;Chloroflexota;Ktedonobacteria;Ktedonobacterales;Dictyobacteraceae;Tengunoibacter	0.0	0.0	0.0	1.0	0.0	0.0	0.0	1.0
Bacteria;Bacillati;Chloroflexota;Chloroflexia;Herpetosiphonales;Herpetosiphonaceae;Herpetosiphon	0.0	0.0	0.0	0.0	1.0	0.0	0.0	1.0
Bacteria;Bacillati;Cyanobacteriota;Cyanophyceae;Chroococcidiopsidales;Chroococcidiopsidales_Incertae_sedis;Pseudocyanosarcina	0.0	0.0	0.0	0.0	0.0	1.0	0.0	1.0
Bacteria;Pseudomonadati;Pseudomonadota;Gammaproteobacteria;Gammaproteobacteria_Incertae_sedis;Candidatus Competibacteraceae;Plasticicumulans	0.0	0.0	1.0	0.0	0.0	0.0	0.0	1.0
Bacteria;Bacillati;Cyanobacteriota;Cyanophyceae;Chroococcidiopsidales;Chroococcidiopsidales_Incertae_sedis;Compactococcus	0.0	0.0	0.0	0.0	1.0	0.0	0.0	1.0
Bacteria;Bacillati;Cyanobacteriota;Cyanophyceae;Chroococcales;Chroococcaceae;Gloeocapsopsis	0.0	0.0	0.0	0.0	1.0	0.0	0.0	1.0
Bacteria;Pseudomonadati;Pseudomonadota;Gammaproteobacteria;Lysobacterales;Lysobacteraceae;Coralloluteibacterium	0.0	1.0	0.0	0.0	0.0	0.0	0.0	1.0
Bacteria;Pseudomonadati;Pseudomonadota;Gammaproteobacteria;Enterobacterales;Erwiniaceae;Erwinia	0.0	0.0	1.0	0.0	0.0	0.0	0.0	1.0
Bacteria;Bacillati;Bacillota;Negativicutes;Veillonellales;Veillonellaceae;Massilibacillus	0.0	1.0	0.0	0.0	0.0	0.0	0.0	1.0
Bacteria;Bacillati;Bacillota;Tissierellia;Tissierellales;Tissierellaceae;Tissierella	0.0	0.0	0.0	1.0	0.0	0.0	0.0	1.0
Bacteria;Pseudomonadati;Pseudomonadota;Gammaproteobacteria;Chromatiales;Ectothiorhodospiraceae;Thiogranum	1.0	0.0	0.0	0.0	0.0	0.0	0.0	1.0
Bacteria;Pseudomonadati;Pseudomonadota;Gammaproteobacteria;Enterobacterales;Enterobacteriaceae;Cedecea	0.0	1.0	0.0	0.0	0.0	0.0	0.0	1.0
Bacteria;Pseudomonadati;Pseudomonadota;Gammaproteobacteria;Enterobacterales;Enterobacteriaceae;Kluyvera	1.0	0.0	0.0	0.0	0.0	0.0	0.0	1.0
Bacteria;Pseudomonadati;Pseudomonadota;Gammaproteobacteria;Enterobacterales;Enterobacteriaceae;Raoultella	1.0	0.0	0.0	0.0	0.0	0.0	0.0	1.0
Bacteria;Bacillati;Bacillota;Clostridia;Lachnospirales;Natranaerovirgaceae;Natranaerovirga	0.0	0.0	1.0	0.0	0.0	0.0	0.0	1.0
Bacteria;Bacillati;Bacillota;Clostridia;Lachnospirales;Lachnospiraceae;Robinsoniella	1.0	0.0	0.0	0.0	0.0	0.0	0.0	1.0
Bacteria;Bacillati;Bacillota;Clostridia;Lachnospirales;Lachnospiraceae;Lacrimispora	0.0	0.0	0.0	1.0	0.0	0.0	0.0	1.0
Bacteria;Bacillati;Bacillota;Clostridia;Lachnospirales;Lachnospiraceae;Konateibacter	0.0	1.0	0.0	0.0	0.0	0.0	0.0	1.0
Bacteria;Bacillati;Bacillota;Clostridia;Lachnospirales;Anaerotignaceae;Anaerotignum	0.0	1.0	0.0	0.0	0.0	0.0	0.0	1.0
Bacteria;Bacillati;Bacillota;Clostridia;Lachnospirales;Cellulosilyticaceae;Cellulosilyticum	0.0	1.0	0.0	0.0	0.0	0.0	0.0	1.0
Bacteria;Pseudomonadati;Pseudomonadota;Gammaproteobacteria;Legionellales;Coxiellaceae;Rickettsiella	0.0	1.0	0.0	0.0	0.0	0.0	0.0	1.0
Bacteria;Pseudomonadati;Pseudomonadota;Gammaproteobacteria;Lysobacterales;Lysobacteraceae;Unclassified_Lysobacteraceae	0.0	1.0	0.0	0.0	0.0	0.0	0.0	1.0
Bacteria;Pseudomonadati;Pseudomonadota;Gammaproteobacteria;Methylococcales;Methylococcaceae;Methylocaldum	1.0	0.0	0.0	0.0	0.0	0.0	0.0	1.0
Bacteria;Pseudomonadati;Pseudomonadota;Gammaproteobacteria;Lysobacterales;Rhodanobacteraceae;Pinirhizobacter	1.0	0.0	0.0	0.0	0.0	0.0	0.0	1.0
Bacteria;Pseudomonadati;Pseudomonadota;Gammaproteobacteria;Lysobacterales;Rhodanobacteraceae;Aquimonas	0.0	0.0	0.0	0.0	0.0	1.0	0.0	1.0
Bacteria;Pseudomonadati;Verrucomicrobiota;Opitutia;Opitutales;Opitutaceae;Oleiharenicola	0.0	0.0	0.0	0.0	0.0	1.0	0.0	1.0
Bacteria;Pseudomonadati;Verrucomicrobiota;Opitutia;Opitutales;Opitutaceae;Rariglobus	0.0	0.0	0.0	0.0	0.0	1.0	0.0	1.0
Bacteria;Pseudomonadati;Verrucomicrobiota;Verrucomicrobiia;Verrucomicrobiales;Verrucomicrobiaceae;Prosthecobacter	0.0	0.0	0.0	0.0	0.0	1.0	0.0	1.0
Bacteria;Bacillati;Bacillota;Clostridia;Peptostreptococcales;Tepidibacteraceae;Sporacetigenium	0.0	0.0	0.0	0.0	0.0	1.0	0.0	1.0
Bacteria;Bacillati;Bacillota;Clostridia;Thermoanaerobacterales;Thermoanaerobacterales Family III. Incertae Sedis;Syntrophaceticus	0.0	1.0	0.0	0.0	0.0	0.0	0.0	1.0
Bacteria;Bacillati;Bacillota;Clostridia;Eubacteriales;Oscillospiraceae;Petroclostridium	0.0	0.0	0.0	0.0	0.0	1.0	0.0	1.0
Bacteria;Bacillati;Bacillota;Clostridia;Eubacteriales;Oscillospiraceae;Merdimmobilis	0.0	0.0	0.0	0.0	0.0	1.0	0.0	1.0
Bacteria;Bacillati;Bacillota;Clostridia;Eubacteriales;Oscillospiraceae;Ruthenibacterium	1.0	0.0	0.0	0.0	0.0	0.0	0.0	1.0
Bacteria;Bacillati;Bacillota;Clostridia;Eubacteriales;Oscillospiraceae;Pseudobacteroides	0.0	0.0	0.0	1.0	0.0	0.0	0.0	1.0
Bacteria;Pseudomonadati;Pseudomonadota;Gammaproteobacteria;Methylococcales;Methylococcaceae;Methylococcus	1.0	0.0	0.0	0.0	0.0	0.0	0.0	1.0
Bacteria;Pseudomonadati;Pseudomonadota;Gammaproteobacteria;Moraxellales;Moraxellaceae;Cavicella	1.0	0.0	0.0	0.0	0.0	0.0	0.0	1.0
Bacteria;Pseudomonadati;Pseudomonadota;Gammaproteobacteria;Moraxellales;Moraxellaceae;Fluviicoccus	0.0	0.0	1.0	0.0	0.0	0.0	0.0	1.0
Bacteria;Bacillati;Bacillota;Clostridia;Eubacteriales;Oscillospiraceae;Solibaculum	0.0	1.0	0.0	0.0	0.0	0.0	0.0	1.0
Bacteria;Bacillati;Actinomycetota;Actinomycetes;Kitasatosporales;Streptomycetaceae;Allostreptomyces	0.0	0.0	1.0	0.0	0.0	0.0	0.0	1.0
Bacteria;Bacillati;Actinomycetota;Actinomycetes;Kitasatosporales;Streptomycetaceae;Wenjunlia	1.0	0.0	0.0	0.0	0.0	0.0	0.0	1.0
Bacteria;Bacillati;Actinomycetota;Actinomycetes;Micrococcales;Microbacteriaceae;Frondihabitans	1.0	0.0	0.0	0.0	0.0	0.0	0.0	1.0
Bacteria;Bacillati;Actinomycetota;Actinomycetes;Micrococcales;Intrasporangiaceae;Oryzihumus	0.0	0.0	1.0	0.0	0.0	0.0	0.0	1.0
Bacteria;Bacillati;Actinomycetota;Actinomycetes;Micrococcales;Microbacteriaceae;Glaciibacter	0.0	0.0	1.0	0.0	0.0	0.0	0.0	1.0
Bacteria;Bacillati;Actinomycetota;Actinomycetes;Micrococcales;Microbacteriaceae;Humibacter	0.0	0.0	0.0	1.0	0.0	0.0	0.0	1.0
Bacteria;Pseudomonadati;Pseudomonadota;Gammaproteobacteria;Thiohalobacterales;Thiohalobacteraceae;Thiohalobacter	1.0	0.0	0.0	0.0	0.0	0.0	0.0	1.0
Bacteria;Pseudomonadati;Pseudomonadota;Gammaproteobacteria;Thiohalomonadales;Thiohalomonadaceae;Sulfurivermis	0.0	1.0	0.0	0.0	0.0	0.0	0.0	1.0
